Lon;Lat;ID;W_p;W_max;alpha;m2;Ks;Kc;;
12.12;43.76;1;0.7;100;10.47392677;11.63769641;5.584102708;1.4;;
12.12;43.79;2;0.7;100;10.8919738;12.10219311;6.17015281;1.4;;
12.15;43.76;3;0.7;100;10.91641333;12.12934815;6.301531109;1.4;;
12.15;43.79;4;0.7;100;11.01160542;12.23511714;6.434204466;1.4;;
12.15;43.82;5;0.7;100;11.17043348;12.41159275;6.61033517;1.4;;
12.15;43.85;6;0.7;100;11.39323045;12.65914494;6.670599723;1.4;;
12.18;43.76;7;0.7;100;11.14697955;12.38553283;6.775042592;1.4;;
12.18;43.82;8;0.7;100;11.309968;12.56663111;6.919281015;1.4;;
12.18;43.85;9;0.7;100;11.4563031;12.72922566;6.876703142;1.4;;
12.18;43.88;10;0.7;100;11.89275288;13.21416987;6.407597522;1.4;;
12.18;43.91;11;0.7;100;11.86997651;13.18886279;7.201341822;1.4;;
12.21;43.64;12;0.7;100;11.73505863;13.03895404;6.902525419;1.4;;
12.21;43.76;13;0.7;100;11.36685579;12.62983976;7.426007712;1.4;;
12.21;43.82;14;0.7;100;11.47588748;12.75098608;7.480230265;1.4;;
12.21;43.85;15;0.7;100;11.57094191;12.85660212;7.26684725;1.4;;
12.21;43.88;16;0.7;100;11.77406167;13.08229075;6.973683287;1.4;;
12.21;43.91;17;0.7;100;12.05579901;13.39533223;6.571606003;1.4;;
12.24;43.61;18;0.7;100;11.8234656;13.137184;6.904367813;1.4;;
12.24;43.64;19;0.7;100;11.78514345;13.09460383;6.926555892;1.4;;
12.24;43.76;20;0.7;100;11.5404794;12.82275489;8.098800245;1.4;;
12.24;43.79;21;0.7;100;11.705029;13.00558778;10.7862445;1.4;;
12.24;43.82;22;0.7;100;11.60781176;12.89756862;8.198379393;1.4;;
12.24;43.85;23;0.7;100;11.66801065;12.96445628;8.032800785;1.4;;
12.24;43.88;24;0.7;100;11.76281918;13.06979909;7.684424936;1.4;;
12.24;43.91;25;0.7;100;11.86200476;13.18000529;7.382774206;1.4;;
12.27;43.61;26;0.7;100;11.85119349;13.16799277;6.941270062;1.4;;
12.27;43.64;27;0.7;100;11.83028414;13.14476015;6.96770858;1.4;;
12.27;43.67;28;0.7;100;11.80844638;13.12049597;7.047253803;1.4;;
12.27;43.79;29;0.7;100;11.65255403;12.94728226;8.437843891;1.4;;
12.27;43.82;30;0.7;100;11.67888527;12.97653919;8.509717099;1.4;;
12.27;43.85;31;0.7;100;11.74248417;13.04720463;10.68369574;1.4;;
12.27;43.88;32;0.7;100;11.83774405;13.15304895;8.524115859;1.4;;
12.27;43.91;33;0.7;100;11.8573643;13.17484922;8.085748185;1.4;;
12.3;43.61;34;0.7;100;11.89348468;13.21498298;6.976020292;1.4;;
12.3;43.64;35;0.7;100;11.87839288;13.19821431;6.995406631;1.4;;
12.3;43.67;36;0.7;100;11.86332625;13.18147362;7.055461359;1.4;;
12.3;43.76;37;0.7;100;11.71895867;13.02106519;7.951725984;1.4;;
12.3;43.79;38;0.7;100;11.69552118;12.99502354;8.229246082;1.4;;
12.3;43.82;39;0.7;100;11.70809363;13.00899292;8.483763442;1.4;;
12.3;43.85;40;0.7;100;11.80512287;13.11680319;8.888284391;1.4;;
12.3;43.88;41;0.7;100;12.44847237;13.83163597;10.49055946;1.4;;
12.3;43.91;42;0.7;100;11.90670461;13.22967179;8.657670256;1.4;;
12.33;43.55;43;0.7;100;12.03425757;13.3713973;7.124907242;1.4;;
12.33;43.61;44;0.7;100;11.95645333;13.28494814;7.010945527;1.4;;
12.33;43.64;45;0.7;100;11.94972239;13.27746933;6.994693614;1.4;;
12.33;43.67;46;0.7;100;11.94647228;13.27385809;7.023417976;1.4;;
12.33;43.76;47;0.7;100;11.76073378;13.06748198;7.950332939;1.4;;
12.33;43.79;48;0.7;100;11.69736766;12.99707518;8.328878814;1.4;;
12.33;43.82;49;0.7;100;11.63729257;12.93032508;8.795145057;1.4;;
12.33;43.85;50;0.7;100;11.74030567;13.04478407;8.979083148;1.4;;
12.33;43.88;51;0.7;100;11.85507601;13.17230668;10.68976745;1.4;;
12.33;43.91;52;0.7;100;11.86401995;13.18224439;8.885268312;1.4;;
12.33;43.94;53;0.7;100;11.85971094;13.1774566;8.514167429;1.4;;
12.36;43.55;54;0.7;100;12.0899192;13.43324356;7.288040513;1.4;;
12.36;43.64;55;0.7;100;12.0744511;13.41605678;6.872075401;1.4;;
12.36;43.67;56;0.7;100;12.15596686;13.50662985;6.710518562;1.4;;
12.36;43.7;57;0.7;100;12.07208851;13.41343168;6.967627239;1.4;;
12.36;43.73;58;0.7;100;11.94721475;13.27468305;7.384374804;1.4;;
12.36;43.76;59;0.7;100;11.83356418;13.14840465;7.822531004;1.4;;
12.36;43.79;60;0.7;100;11.67730181;12.97477978;8.494346011;1.4;;
12.36;43.82;61;0.7;100;10.80187419;12.00208244;12.10736811;1.4;;
12.36;43.85;62;0.7;100;11.6389414;12.93215711;9.093229108;1.4;;
12.36;43.88;63;0.7;100;11.76157508;13.06841675;8.979667186;1.4;;
12.36;43.91;64;0.7;100;11.81438295;13.12709217;8.752409837;1.4;;
12.36;43.94;65;0.7;100;11.83808125;13.15342361;8.532600624;1.4;;
12.39;43.52;66;0.7;100;12.22477516;13.58308351;7.709921667;1.4;;
12.39;43.55;67;0.7;100;12.25449947;13.61611052;7.911894029;1.4;;
12.39;43.58;68;0.7;100;12.19753368;13.5528152;7.581205397;1.4;;
12.39;43.61;69;0.7;100;12.15676593;13.5075177;7.194150969;1.4;;
12.39;43.64;70;0.7;100;12.2381437;13.59793745;6.7578851;1.4;;
12.39;43.67;71;0.7;100;12.17236993;13.52485548;7.016433163;1.4;;
12.39;43.7;72;0.7;100;12.19210561;13.54678401;6.81299208;1.4;;
12.39;43.73;73;0.7;100;12.02402578;13.36002865;7.27134889;1.4;;
12.39;43.76;74;0.7;100;11.91893569;13.24326188;7.64122463;1.4;;
12.39;43.79;75;0.7;100;11.80391863;13.11546515;8.113101429;1.4;;
12.39;43.82;76;0.7;100;11.65546194;12.95051327;8.771629611;1.4;;
12.39;43.85;77;0.7;100;11.61776924;12.90863249;9.080176031;1.4;;
12.39;43.88;78;0.7;100;11.70920183;13.01022425;8.870640018;1.4;;
12.39;43.91;79;0.7;100;11.78218372;13.09131524;8.651678054;1.4;;
12.39;43.94;80;0.7;100;11.81978453;13.13309392;8.492819088;1.4;;
12.42;43.55;81;0.7;100;12.85497234;14.2833026;10.81275596;1.4;;
12.42;43.58;82;0.7;100;12.27863263;13.64292515;7.800177436;1.4;;
12.42;43.61;83;0.7;100;12.21219919;13.56911022;7.268084272;1.4;;
12.42;43.64;84;0.7;100;12.23049623;13.58944026;6.952569751;1.4;;
12.42;43.67;85;0.7;100;12.28207054;13.64674504;6.728237466;1.4;;
12.42;43.7;86;0.7;100;12.18774123;13.5419347;6.913853519;1.4;;
12.42;43.73;87;0.7;100;12.09327974;13.43697749;7.157730126;1.4;;
12.42;43.76;88;0.7;100;12.02849298;13.3649922;7.368552203;1.4;;
12.42;43.79;89;0.7;100;11.9830442;13.31449356;7.561357655;1.4;;
12.42;43.82;90;0.7;100;11.76892041;13.07657823;8.406292599;1.4;;
12.42;43.85;91;0.7;100;10.7645648;11.96062755;12.80719322;1.4;;
12.42;43.88;92;0.7;100;11.67078489;12.96753877;8.930937692;1.4;;
12.45;43.55;93;0.7;100;12.34886544;13.7209616;7.912135527;1.4;;
12.45;43.58;94;0.7;100;12.28778113;13.65309014;7.541910503;1.4;;
12.45;43.61;95;0.7;100;12.25283855;13.61426506;7.209904113;1.4;;
12.45;43.64;96;0.7;100;12.24678489;13.60753877;6.992639907;1.4;;
12.45;43.67;97;0.7;100;12.23935282;13.59928092;6.89516389;1.4;;
12.45;43.7;98;0.7;100;12.2238135;13.58201499;6.868495137;1.4;;
12.45;43.73;99;0.7;100;12.22507816;13.58342018;6.82458239;1.4;;
12.45;43.76;100;0.7;100;12.18668125;13.54075694;6.922631326;1.4;;
12.45;43.79;101;0.7;100;13.04942314;14.49935904;7.355211163;1.4;;
12.45;43.82;102;0.7;100;11.9790206;13.31002289;7.672127818;1.4;;
12.45;43.85;103;0.7;100;11.77479441;13.0831049;8.460346869;1.4;;
12.45;43.88;104;0.7;100;11.7838348;13.09314977;8.460916748;1.4;;
12.48;43.55;105;0.7;100;12.32232072;13.69146746;7.322964554;1.4;;
12.48;43.58;106;0.7;100;12.30119651;13.66799612;7.21717682;1.4;;
12.48;43.61;107;0.7;100;12.30483634;13.67204038;6.984416173;1.4;;
12.48;43.64;108;0.7;100;12.33611566;13.70679518;6.719248158;1.4;;
12.48;43.67;109;0.7;100;12.29848938;13.6649882;6.75225457;1.4;;
12.48;43.7;110;0.7;100;12.31988535;13.6887615;6.628614669;1.4;;
12.48;43.73;111;0.7;100;12.27549615;13.63944017;6.86996595;1.4;;
12.48;43.76;112;0.7;100;12.27989764;13.64433071;6.691581279;1.4;;
12.48;43.79;113;0.7;100;12.21027506;13.56697229;6.901358981;1.4;;
12.48;43.82;114;0.7;100;12.08102313;13.42335903;7.345749848;1.4;;
12.48;43.85;115;0.7;100;11.97303817;13.30337575;7.744147255;1.4;;
12.48;43.88;116;0.7;100;11.92847141;13.25385712;7.923982194;1.4;;
12.51;43.52;117;0.7;100;12.52381011;13.91534457;6.588702545;1.4;;
12.51;43.55;118;0.7;100;12.40771084;13.78634538;6.852393697;1.4;;
12.51;43.58;119;0.7;100;12.35184067;13.72426741;6.90643883;1.4;;
12.51;43.61;120;0.7;100;12.38736676;13.76374084;6.653405619;1.4;;
12.51;43.64;121;0.7;100;13.07814879;14.53127643;6.711810275;1.4;;
12.51;43.67;122;0.7;100;12.39318626;13.77020695;6.489642474;1.4;;
12.51;43.7;123;0.7;100;12.36012848;13.73347609;6.574416778;1.4;;
12.51;43.73;124;0.7;100;12.37050389;13.74500432;6.507472127;1.4;;
12.51;43.76;125;0.7;100;12.29430124;13.66033471;6.706373334;1.4;;
12.51;43.79;126;0.7;100;12.24044151;13.60049057;6.845126321;1.4;;
12.51;43.82;127;0.7;100;12.21417044;13.57130049;6.904486547;1.4;;
12.51;43.85;128;0.7;100;12.12535515;13.47261683;7.231006515;1.4;;
12.51;43.88;129;0.7;100;12.06370602;13.4041178;7.465760104;1.4;;
12.54;43.49;130;0.7;100;12.57818642;13.97576268;6.331855396;1.4;;
12.54;43.52;131;0.7;100;12.41045059;13.78938954;6.596086368;1.4;;
12.54;43.55;132;0.7;100;12.50390672;13.89322969;6.488297984;1.4;;
12.54;43.58;133;0.7;100;12.40241216;13.78045796;6.657963256;1.4;;
12.54;43.61;134;0.7;100;12.40093621;13.77881801;6.587657667;1.4;;
12.54;43.64;135;0.7;100;12.44444987;13.82716652;6.400444211;1.4;;
12.54;43.67;136;0.7;100;12.44975625;13.8330625;6.409895196;1.4;;
12.54;43.7;137;0.7;100;12.49215725;13.88017472;6.347900857;1.4;;
12.54;43.73;138;0.7;100;12.4125735;13.79174833;6.495204821;1.4;;
12.54;43.76;139;0.7;100;12.3388615;13.70984611;6.639655922;1.4;;
12.54;43.79;140;0.7;100;12.33261663;13.70290737;6.583053144;1.4;;
12.54;43.82;141;0.7;100;12.9426783;14.38075367;6.808179578;1.4;;
12.54;43.85;142;0.7;100;12.28010637;13.64456264;6.759447317;1.4;;
12.57;43.46;143;0.7;100;12.40304527;13.78116141;6.534664754;1.4;;
12.57;43.49;144;0.7;100;12.47434151;13.86037946;6.40462566;1.4;;
12.57;43.52;145;0.7;100;12.53425207;13.92694675;6.245560167;1.4;;
12.57;43.55;146;0.7;100;12.46543208;13.85048009;6.283529342;1.4;;
12.57;43.58;147;0.7;100;12.42438957;13.8048773;6.437906201;1.4;;
12.57;43.61;148;0.7;100;12.41977978;13.79975531;6.48057815;1.4;;
12.57;43.64;149;0.7;100;12.4438961;13.82655122;6.428788067;1.4;;
12.57;43.67;150;0.7;100;12.54733912;13.94148791;6.241929238;1.4;;
12.57;43.7;151;0.7;100;12.4447701;13.82752233;6.472942128;1.4;;
12.57;43.73;152;0.7;100;12.53347774;13.92608637;6.278233551;1.4;;
12.57;43.76;153;0.7;100;12.40906454;13.78784949;6.505555313;1.4;;
12.57;43.79;154;0.7;100;12.38645546;13.76272829;6.520208298;1.4;;
12.57;43.82;155;0.7;100;12.44255239;13.82505821;6.373298293;1.4;;
12.57;43.85;156;0.7;100;12.49425397;13.88250441;6.399789344;1.4;;
12.57;43.88;157;0.7;100;12.39902938;13.77669931;6.633721928;1.4;;
12.6;43.46;158;0.7;100;12.37999848;13.75555387;6.476565168;1.4;;
12.6;43.49;159;0.7;100;12.40851109;13.78723455;6.397264498;1.4;;
12.6;43.52;160;0.7;100;12.42847828;13.80942031;6.227469899;1.4;;
12.6;43.55;161;0.7;100;12.39425398;13.77139331;6.419564682;1.4;;
12.6;43.58;162;0.7;100;12.43033368;13.81148187;6.240591836;1.4;;
12.6;43.61;163;0.7;100;12.44467086;13.82741207;6.34273829;1.4;;
12.6;43.64;164;0.7;100;12.47440011;13.86044457;6.326789508;1.4;;
12.6;43.67;165;0.7;100;12.55941123;13.95490136;6.191567765;1.4;;
12.6;43.7;166;0.7;100;12.68829606;14.09810673;5.972432758;1.4;;
12.6;43.73;167;0.7;100;12.57223717;13.96915241;6.191017054;1.4;;
12.6;43.76;168;0.7;100;12.4752196;13.86135511;6.375096444;1.4;;
12.6;43.79;169;0.7;100;12.45081013;13.83423348;6.425161159;1.4;;
12.6;43.82;170;0.7;100;12.55577075;13.95085639;6.279928079;1.4;;
12.6;43.85;171;0.7;100;12.42403627;13.80448474;6.55582629;1.4;;
12.63;43.43;172;0.7;100;12.32248377;13.69164864;6.475371897;1.4;;
12.63;43.46;173;0.7;100;12.32386754;13.69318615;6.418676435;1.4;;
12.63;43.49;174;0.7;100;12.33343298;13.70381443;6.349575235;1.4;;
12.63;43.52;175;0.7;100;12.36746759;13.74163066;6.259786332;1.4;;
12.63;43.55;176;0.7;100;12.40553261;13.78392512;6.149446072;1.4;;
12.63;43.58;177;0.7;100;12.45158579;13.83509532;6.158927305;1.4;;
12.63;43.61;178;0.7;100;12.50695614;13.89661793;6.099752149;1.4;;
12.63;43.64;179;0.7;100;12.52049494;13.91166104;6.156671285;1.4;;
12.63;43.67;180;0.7;100;12.62212543;14.02458382;6.026581383;1.4;;
12.63;43.7;181;0.7;100;12.51142176;13.90157973;6.284108524;1.4;;
12.63;43.73;182;0.7;100;12.6380838;14.04231534;6.045277455;1.4;;
12.63;43.76;183;0.7;100;12.53285475;13.92539417;6.251391948;1.4;;
12.63;43.79;184;0.7;100;12.51273743;13.90304159;6.302418873;1.4;;
12.63;43.82;185;0.7;100;12.5476335;13.941815;6.26833216;1.4;;
12.66;43.46;186;0.7;100;12.20063085;13.5562565;6.302009215;1.4;;
12.66;43.49;187;0.7;100;12.10173648;13.44637387;6.180584475;1.4;;
12.66;43.52;188;0.7;100;12.24822154;13.60913505;6.192749132;1.4;;
12.66;43.55;189;0.7;100;12.37319776;13.74799752;6.168009064;1.4;;
12.66;43.58;190;0.7;100;12.48214278;13.86904753;6.021710342;1.4;;
12.66;43.61;191;0.7;100;13.08476057;14.53862286;6.242018386;1.4;;
12.66;43.64;192;0.7;100;12.56696413;13.96329347;5.964796105;1.4;;
12.66;43.67;193;0.7;100;12.58905575;13.98783972;6.01153839;1.4;;
12.66;43.7;194;0.7;100;12.65920609;14.06578455;5.931747394;1.4;;
12.66;43.73;195;0.7;100;12.61069732;14.01188591;6.054895992;1.4;;
12.66;43.76;196;0.7;100;12.59257411;13.99174901;6.109739246;1.4;;
12.66;43.79;197;0.7;100;12.63523668;14.03915186;6.04361384;1.4;;
12.66;43.82;198;0.7;100;12.58891232;13.98768035;6.137955841;1.4;;
12.69;43.43;199;0.7;100;12.23133145;13.59036828;6.338893498;1.4;;
12.69;43.46;200;0.7;100;12.03192352;13.36880392;6.161077174;1.4;;
12.69;43.49;201;0.7;100;10.46958366;11.63287073;6.338773988;1.4;;
12.69;43.52;202;0.7;100;12.10963411;13.45514901;6.06770149;1.4;;
12.69;43.55;203;0.7;100;12.34737044;13.71930049;6.099046764;1.4;;
12.69;43.58;204;0.7;100;12.46365608;13.84850676;6.01657909;1.4;;
12.69;43.61;205;0.7;100;12.54515742;13.9390638;5.895794449;1.4;;
12.69;43.64;206;0.7;100;12.55945219;13.95494688;5.918546552;1.4;;
12.69;43.67;207;0.7;100;12.58159618;13.97955131;5.874162572;1.4;;
12.69;43.7;208;0.7;100;12.59076246;13.98973607;5.957407883;1.4;;
12.69;43.73;209;0.7;100;12.59455575;13.99395084;6.025963704;1.4;;
12.69;43.76;210;0.7;100;12.66691743;14.0743527;5.931737705;1.4;;
12.69;43.79;211;0.7;100;12.55545399;13.95050443;6.163193888;1.4;;
12.69;43.82;212;0.7;100;12.67997178;14.08885753;5.91107332;1.4;;
12.69;43.85;213;0.7;100;12.57256267;13.96951408;6.061204818;1.4;;
12.72;43.46;214;0.7;100;12.1374166;13.48601845;6.185012156;1.4;;
12.72;43.49;215;0.7;100;12.04732389;13.38591543;6.058102003;1.4;;
12.72;43.52;216;0.7;100;12.21931268;13.57701409;6.058371132;1.4;;
12.72;43.55;217;0.7;100;12.39585521;13.77317246;5.993645451;1.4;;
12.72;43.58;218;0.7;100;12.52874496;13.92082774;5.863662178;1.4;;
12.72;43.61;219;0.7;100;12.55076242;13.94529158;5.883787619;1.4;;
12.72;43.64;220;0.7;100;12.56991376;13.96657084;5.812728976;1.4;;
12.72;43.67;221;0.7;100;12.78480981;14.20534424;6.098458063;1.4;;
12.72;43.7;222;0.7;100;12.59295869;13.99217632;5.838849536;1.4;;
12.72;43.73;223;0.7;100;12.5955593;13.99506589;5.966146249;1.4;;
12.72;43.76;224;0.7;100;12.63575334;14.03972594;5.940355479;1.4;;
12.72;43.79;225;0.7;100;12.702806;14.11422888;5.82934856;1.4;;
12.72;43.82;226;0.7;100;12.64429806;14.04922007;5.899703601;1.4;;
12.72;43.85;227;0.7;100;12.57145122;13.96827913;5.899673208;1.4;;
12.75;43.49;228;0.7;100;12.27642755;13.64047505;6.116983334;1.4;;
12.75;43.52;229;0.7;100;12.35621528;13.72912809;6.038606348;1.4;;
12.75;43.55;230;0.7;100;12.51857299;13.90952554;5.830058958;1.4;;
12.75;43.58;231;0.7;100;12.49246324;13.88051471;6.137544667;1.4;;
12.75;43.61;232;0.7;100;12.63247741;14.03608602;5.730401253;1.4;;
12.75;43.64;233;0.7;100;12.59058639;13.98954043;5.814294619;1.4;;
12.75;43.67;234;0.7;100;12.59709568;13.99677298;5.765655189;1.4;;
12.75;43.7;235;0.7;100;12.59532901;13.99481001;5.860182147;1.4;;
12.75;43.73;236;0.7;100;12.60493634;14.00548482;5.922390496;1.4;;
12.75;43.76;237;0.7;100;12.63067274;14.03408082;5.918105336;1.4;;
12.75;43.79;238;0.7;100;12.65122107;14.0569123;5.88542921;1.4;;
12.75;43.82;239;0.7;100;12.62836964;14.03152182;5.861114635;1.4;;
12.75;43.85;240;0.7;100;12.55939792;13.95488658;5.684896562;1.4;;
12.75;43.88;241;0.7;100;12.21628967;13.57365519;6.010912835;1.4;;
12.75;43.91;242;0.7;100;12.48480799;13.87200888;5.554138808;1.4;;
12.75;43.94;243;0.7;100;12.49772925;13.88636583;5.82472724;1.4;;
12.78;43.37;244;0.7;100;12.36010237;13.73344707;6.692285368;1.4;;
12.78;43.4;245;0.7;100;12.36416313;13.73795903;6.541908015;1.4;;
12.78;43.43;246;0.7;100;12.37020286;13.74466984;6.391531554;1.4;;
12.78;43.46;247;0.7;100;12.39612168;13.77346853;6.257938662;1.4;;
12.78;43.49;248;0.7;100;12.44227602;13.82475113;6.153736193;1.4;;
12.78;43.52;249;0.7;100;12.46611751;13.85124168;6.04099525;1.4;;
12.78;43.55;250;0.7;100;12.58799313;13.98665904;5.806735434;1.4;;
12.78;43.58;251;0.7;100;12.52625431;13.91806035;6.113636582;1.4;;
12.78;43.61;252;0.7;100;12.68273106;14.0919234;5.685270856;1.4;;
12.78;43.64;253;0.7;100;12.62233111;14.02481235;5.804357164;1.4;;
12.78;43.67;254;0.7;100;12.60771213;14.00856903;5.838207806;1.4;;
12.78;43.7;255;0.7;100;12.60791927;14.00879919;5.869606318;1.4;;
12.78;43.73;256;0.7;100;12.62404906;14.02672117;5.883232845;1.4;;
12.78;43.76;257;0.7;100;12.67700475;14.08556083;5.833241347;1.4;;
12.78;43.79;258;0.7;100;12.75991496;14.17768329;5.719879609;1.4;;
12.78;43.82;259;0.7;100;12.68634831;14.09594257;5.743160283;1.4;;
12.78;43.85;260;0.7;100;12.60471851;14.00524279;5.596048329;1.4;;
12.78;43.88;261;0.7;100;12.56997686;13.96664095;5.953589862;1.4;;
12.78;43.91;262;0.7;100;12.54025205;13.93361339;5.501573755;1.4;;
12.78;43.94;263;0.7;100;12.53325789;13.9258421;5.723489823;1.4;;
12.81;43.28;264;0.7;100;12.30383166;13.67092407;7.52899547;1.4;;
12.81;43.31;265;0.7;100;12.34096431;13.71218257;7.772654055;1.4;;
12.81;43.34;266;0.7;100;12.36960321;13.74400357;7.337922144;1.4;;
12.81;43.37;267;0.7;100;12.39009475;13.76677194;6.934305896;1.4;;
12.81;43.4;268;0.7;100;12.39871934;13.77635482;6.680843725;1.4;;
12.81;43.43;269;0.7;100;12.41328714;13.79254127;6.481072509;1.4;;
12.81;43.46;270;0.7;100;12.47627284;13.86252537;6.314941065;1.4;;
12.81;43.49;271;0.7;100;13.0494476;14.49938622;6.192850014;1.4;;
12.81;43.52;272;0.7;100;12.54863152;13.94292391;6.067889475;1.4;;
12.81;43.55;273;0.7;100;12.58883431;13.98759368;5.909165834;1.4;;
12.81;43.58;274;0.7;100;12.69389697;14.10432997;5.728469773;1.4;;
12.81;43.61;275;0.7;100;12.73546081;14.15051201;5.694703069;1.4;;
12.81;43.64;276;0.7;100;12.67835729;14.08706366;5.763127121;1.4;;
12.81;43.67;277;0.7;100;12.64456701;14.0495189;5.804940905;1.4;;
12.81;43.7;278;0.7;100;12.63712476;14.04124973;5.831732683;1.4;;
12.81;43.73;279;0.7;100;12.65513549;14.06126166;5.831052863;1.4;;
12.81;43.76;280;0.7;100;12.77159152;14.19065725;5.698611559;1.4;;
12.81;43.79;281;0.7;100;12.64182411;14.04647123;5.929563587;1.4;;
12.81;43.82;282;0.7;100;12.7906193;14.21179922;5.604288166;1.4;;
12.81;43.85;283;0.7;100;12.66100468;14.06778298;5.62993154;1.4;;
12.81;43.88;284;0.7;100;12.62423705;14.02693006;5.915552457;1.4;;
12.81;43.91;285;0.7;100;12.62885397;14.03205997;5.918321852;1.4;;
12.81;43.94;286;0.7;100;12.59581947;13.99535497;5.617787096;1.4;;
12.84;43.13;287;0.7;100;11.95998848;13.28887608;7.430278705;1.4;;
12.84;43.22;288;0.7;100;12.17765155;13.53072394;7.224512081;1.4;;
12.84;43.25;289;0.7;100;12.2304736;13.58941511;7.344998662;1.4;;
12.84;43.28;290;0.7;100;12.29388131;13.65986812;7.742130435;1.4;;
12.84;43.31;291;0.7;100;12.39319606;13.77021784;10.54754558;1.4;;
12.84;43.34;292;0.7;100;12.40418329;13.78242588;7.594035346;1.4;;
12.84;43.37;293;0.7;100;12.47112931;13.85681034;7.204834594;1.4;;
12.84;43.4;294;0.7;100;12.45208028;13.83564475;6.871534417;1.4;;
12.84;43.43;295;0.7;100;12.44939443;13.83266048;6.598603481;1.4;;
12.84;43.46;296;0.7;100;12.48358066;13.87064518;6.399498122;1.4;;
12.84;43.49;297;0.7;100;12.54207675;13.93564084;6.243565693;1.4;;
12.84;43.52;298;0.7;100;12.55703527;13.95226141;6.1059497;1.4;;
12.84;43.55;299;0.7;100;12.59735756;13.99706396;5.967963041;1.4;;
12.84;43.58;300;0.7;100;12.71089045;14.12321161;5.787840733;1.4;;
12.84;43.61;301;0.7;100;12.6007764;14.00086267;6.033202663;1.4;;
12.84;43.64;302;0.7;100;12.75793082;14.17547869;5.663044056;1.4;;
12.84;43.67;303;0.7;100;12.70849903;14.12055448;5.656330023;1.4;;
12.84;43.7;304;0.7;100;12.68144013;14.09048903;5.73501829;1.4;;
12.84;43.73;305;0.7;100;12.68208065;14.09120072;5.775044431;1.4;;
12.84;43.76;306;0.7;100;12.73225606;14.14695118;5.727026492;1.4;;
12.84;43.79;307;0.7;100;12.81755571;14.24172857;5.612918173;1.4;;
12.84;43.82;308;0.7;100;12.7498;14.16644444;5.650071255;1.4;;
12.84;43.85;309;0.7;100;12.68718305;14.09687005;5.646757923;1.4;;
12.84;43.88;310;0.7;100;12.68299235;14.09221372;5.510401845;1.4;;
12.84;43.91;311;0.7;100;13.08335197;14.53705774;5.877341905;1.4;;
12.84;43.94;312;0.7;100;12.66165123;14.06850136;5.506033717;1.4;;
12.87;43.13;313;0.7;100;11.92445429;13.24939365;7.535083871;1.4;;
12.87;43.16;314;0.7;100;11.99264706;13.3251634;7.374697047;1.4;;
12.87;43.19;315;0.7;100;12.06390129;13.40433477;7.283168216;1.4;;
12.87;43.22;316;0.7;100;12.13047147;13.47830163;7.283103342;1.4;;
12.87;43.25;317;0.7;100;12.18817758;13.54241953;7.382143083;1.4;;
12.87;43.28;318;0.7;100;12.24869254;13.60965838;7.566453612;1.4;;
12.87;43.31;319;0.7;100;12.32108386;13.69009318;7.72773011;1.4;;
12.87;43.34;320;0.7;100;12.43606651;13.81785168;7.563939287;1.4;;
12.87;43.37;321;0.7;100;12.35501826;13.72779807;8.378770674;1.4;;
12.87;43.4;322;0.7;100;12.50364715;13.89294128;7.065853347;1.4;;
12.87;43.43;323;0.7;100;12.47211518;13.85790575;6.696366742;1.4;;
12.87;43.46;324;0.7;100;12.4897252;13.87747245;6.462843172;1.4;;
12.87;43.49;325;0.7;100;12.52173729;13.91304143;6.286294602;1.4;;
12.87;43.52;326;0.7;100;12.55554949;13.95061054;6.136564245;1.4;;
12.87;43.55;327;0.7;100;12.60004421;14.00004912;5.996463643;1.4;;
12.87;43.58;328;0.7;100;12.66933051;14.0770339;5.854472295;1.4;;
12.87;43.61;329;0.7;100;12.75470326;14.17189251;5.714002148;1.4;;
12.87;43.64;330;0.7;100;12.76139982;14.17933313;5.591599494;1.4;;
12.87;43.67;331;0.7;100;13.05053101;14.50059001;5.951905863;1.4;;
12.87;43.7;332;0.7;100;12.73564876;14.15072085;5.594306233;1.4;;
12.87;43.73;333;0.7;100;12.70563749;14.11737499;5.722697675;1.4;;
12.87;43.76;334;0.7;100;12.71430016;14.12700018;5.735015185;1.4;;
12.87;43.79;335;0.7;100;12.72895169;14.14327966;5.709849364;1.4;;
12.87;43.82;336;0.7;100;12.71888042;14.13208936;5.689730763;1.4;;
12.87;43.85;337;0.7;100;12.69893961;14.1099329;5.656830436;1.4;;
12.87;43.88;338;0.7;100;12.69262256;14.10291396;5.584323809;1.4;;
12.87;43.91;339;0.7;100;12.70203127;14.11336808;5.492413663;1.4;;
12.9;43.01;340;0.7;100;11.45608164;12.7289796;7.66078849;1.4;;
12.9;43.07;341;0.7;100;10.75302623;11.94780692;12.60869649;1.4;;
12.9;43.1;342;0.7;100;11.6014432;12.89049244;8.588400368;1.4;;
12.9;43.13;343;0.7;100;11.83991656;13.15546284;7.746542681;1.4;;
12.9;43.16;344;0.7;100;11.94439606;13.27155117;7.454690649;1.4;;
12.9;43.19;345;0.7;100;12.00619956;13.34022173;7.328421621;1.4;;
12.9;43.22;346;0.7;100;12.0568132;13.39645911;7.322248246;1.4;;
12.9;43.25;347;0.7;100;12.11391004;13.45990004;7.488309518;1.4;;
12.9;43.28;348;0.7;100;12.16344072;13.51493413;7.756802831;1.4;;
12.9;43.31;349;0.7;100;12.25937823;13.62153136;7.617266132;1.4;;
12.9;43.34;350;0.7;100;12.36933538;13.74370597;7.561752958;1.4;;
12.9;43.37;351;0.7;100;12.47861882;13.86513202;9.294181233;1.4;;
12.9;43.4;352;0.7;100;12.46455583;13.84950648;7.15204209;1.4;;
12.9;43.43;353;0.7;100;12.46885545;13.85428384;6.750015073;1.4;;
12.9;43.46;354;0.7;100;12.49040636;13.87822928;6.501742721;1.4;;
12.9;43.49;355;0.7;100;12.52103311;13.91225902;6.306282336;1.4;;
12.9;43.52;356;0.7;100;12.55783326;13.95314806;6.136484272;1.4;;
12.9;43.55;357;0.7;100;12.60591667;14.00657408;5.96434298;1.4;;
12.9;43.58;358;0.7;100;12.66328517;14.07031686;5.77843601;1.4;;
12.9;43.61;359;0.7;100;12.70072733;14.11191925;5.736032211;1.4;;
12.9;43.64;360;0.7;100;12.75864563;14.17627293;5.591099949;1.4;;
12.9;43.67;361;0.7;100;12.66910562;14.07678402;5.933969004;1.4;;
12.9;43.7;362;0.7;100;12.76900501;14.18778335;5.556448162;1.4;;
12.9;43.73;363;0.7;100;12.72431779;14.13813087;5.695356496;1.4;;
12.9;43.76;364;0.7;100;12.71848601;14.13165113;5.72521825;1.4;;
12.9;43.79;365;0.7;100;12.72540301;14.13933668;5.711274869;1.4;;
12.9;43.82;366;0.7;100;12.7291465;14.14349611;5.677116867;1.4;;
12.9;43.85;367;0.7;100;12.72469309;14.13854788;5.61580474;1.4;;
12.9;43.88;368;0.7;100;12.72707001;14.1411889;5.514507999;1.4;;
12.9;43.91;369;0.7;100;12.70249275;14.11388084;5.559250989;1.4;;
12.93;42.95;370;0.7;100;11.28207496;12.53563885;7.129919215;1.4;;
12.93;42.98;371;0.7;100;10.56305418;11.73672687;6.061449744;1.4;;
12.93;43.01;372;0.7;100;11.35081931;12.61202145;7.449614814;1.4;;
12.93;43.04;373;0.7;100;11.48139072;12.7571008;7.987908606;1.4;;
12.93;43.07;374;0.7;100;11.49450047;12.77166719;8.465741701;1.4;;
12.93;43.1;375;0.7;100;11.63616981;12.92907757;8.086516185;1.4;;
12.93;43.13;376;0.7;100;11.78103491;13.09003879;7.700926487;1.4;;
12.93;43.16;377;0.7;100;11.87614238;13.19571376;7.466686524;1.4;;
12.93;43.19;378;0.7;100;11.89651356;13.2183484;7.301036094;1.4;;
12.93;43.22;379;0.7;100;11.86080618;13.17867354;7.21026937;1.4;;
12.93;43.25;380;0.7;100;11.97977332;13.31085924;7.610677347;1.4;;
12.93;43.28;381;0.7;100;11.76926354;13.07695949;11.15899897;1.4;;
12.93;43.31;382;0.7;100;12.18301011;13.5366779;7.749941402;1.4;;
12.93;43.34;383;0.7;100;12.29193768;13.65770853;7.457885401;1.4;;
12.93;43.37;384;0.7;100;12.36801147;13.74223497;7.346603032;1.4;;
12.93;43.4;385;0.7;100;12.41515038;13.79461153;7.038158236;1.4;;
12.93;43.43;386;0.7;100;12.4492223;13.83246923;6.750362779;1.4;;
12.93;43.46;387;0.7;100;12.48257595;13.86952883;6.512198952;1.4;;
12.93;43.49;388;0.7;100;12.51757737;13.9084193;6.280394271;1.4;;
12.93;43.52;389;0.7;100;12.55418836;13.94909818;6.044005736;1.4;;
12.93;43.55;390;0.7;100;12.61548954;14.0172106;5.855030259;1.4;;
12.93;43.58;391;0.7;100;12.89611783;14.32901981;6.080626465;1.4;;
12.93;43.61;392;0.7;100;12.70539939;14.11711043;5.675149287;1.4;;
12.93;43.64;393;0.7;100;12.73695389;14.15217099;5.673721177;1.4;;
12.93;43.67;394;0.7;100;12.78134838;14.2014982;5.579014322;1.4;;
12.93;43.7;395;0.7;100;12.76598008;14.18442231;5.629719289;1.4;;
12.93;43.73;396;0.7;100;12.74324656;14.15916284;5.689097762;1.4;;
12.93;43.76;397;0.7;100;12.73738525;14.15265028;5.707171721;1.4;;
12.93;43.79;398;0.7;100;12.76759271;14.18621412;5.661917182;1.4;;
12.93;43.82;399;0.7;100;12.83008087;14.25564541;5.555903139;1.4;;
12.93;43.85;400;0.7;100;12.79332812;14.21480902;5.492708505;1.4;;
12.93;43.88;401;0.7;100;13.03616952;14.4846328;5.879545686;1.4;;
12.96;42.95;402;0.7;100;11.4066383;12.67404255;7.422041518;1.4;;
12.96;42.98;403;0.7;100;11.3419058;12.60211756;7.400463342;1.4;;
12.96;43.01;404;0.7;100;11.43149438;12.70166042;7.644555603;1.4;;
12.96;43.04;405;0.7;100;11.50837499;12.78708332;7.865258964;1.4;;
12.96;43.07;406;0.7;100;11.53978523;12.82198358;7.855150817;1.4;;
12.96;43.1;407;0.7;100;11.55389979;12.83766644;7.596305415;1.4;;
12.96;43.13;408;0.7;100;11.69829049;12.99810054;7.507700551;1.4;;
12.96;43.16;409;0.7;100;11.80341128;13.11490142;7.398600012;1.4;;
12.96;43.19;410;0.7;100;11.75521039;13.06134488;7.181404396;1.4;;
12.96;43.22;411;0.7;100;10.51236607;11.68040674;7.35834799;1.4;;
12.96;43.25;412;0.7;100;11.84405526;13.1600614;7.32696077;1.4;;
12.96;43.28;413;0.7;100;12.01611382;13.35123758;7.701040585;1.4;;
12.96;43.31;414;0.7;100;12.13190779;13.47989755;7.574034346;1.4;;
12.96;43.34;415;0.7;100;12.22417542;13.58241713;7.399148672;1.4;;
12.96;43.37;416;0.7;100;12.30888344;13.67653715;7.188625132;1.4;;
12.96;43.4;417;0.7;100;12.38014447;13.75571607;6.937219309;1.4;;
12.96;43.43;418;0.7;100;12.42702926;13.80781029;6.723932017;1.4;;
12.96;43.46;419;0.7;100;12.47037163;13.85596847;6.503327436;1.4;;
12.96;43.49;420;0.7;100;12.51087445;13.90097161;6.210693195;1.4;;
12.96;43.52;421;0.7;100;12.47397517;13.85997241;6.289127266;1.4;;
12.96;43.55;422;0.7;100;12.60781292;14.00868102;5.84941773;1.4;;
12.96;43.58;423;0.7;100;12.67417223;14.08241359;5.746439899;1.4;;
12.96;43.61;424;0.7;100;12.7158753;14.12875034;5.738687371;1.4;;
12.96;43.64;425;0.7;100;12.7560591;14.173399;5.709447759;1.4;;
12.96;43.67;426;0.7;100;12.79783934;14.21982149;5.647109303;1.4;;
12.96;43.7;427;0.7;100;12.84563767;14.27293074;5.579728543;1.4;;
12.96;43.73;428;0.7;100;12.79365633;14.2151737;5.64995354;1.4;;
12.96;43.76;429;0.7;100;12.76908655;14.18787395;5.681809321;1.4;;
12.96;43.79;430;0.7;100;12.8477748;14.27530534;5.574778541;1.4;;
12.96;43.82;431;0.7;100;12.71883984;14.13204426;5.852926497;1.4;;
12.96;43.85;432;0.7;100;12.87387676;14.30430751;5.876790949;1.4;;
12.96;43.88;433;0.7;100;12.78951717;14.21057464;5.936632173;1.4;;
12.99;42.89;434;0.7;100;11.60500514;12.89445016;7.77287585;1.4;;
12.99;42.92;435;0.7;100;11.54183158;12.82425732;7.718870494;1.4;;
12.99;42.95;436;0.7;100;11.47905792;12.7545088;7.678044129;1.4;;
12.99;42.98;437;0.7;100;11.45394556;12.72660618;7.729083534;1.4;;
12.99;43.01;438;0.7;100;11.46916099;12.74351221;7.937085894;1.4;;
12.99;43.04;439;0.7;100;11.477844;12.75316;8.212285683;1.4;;
12.99;43.07;440;0.7;100;11.47406678;12.74896309;7.772983424;1.4;;
12.99;43.1;441;0.7;100;10.57298203;11.74775781;5.620855736;1.4;;
12.99;43.13;442;0.7;100;11.61120429;12.9013381;7.321531208;1.4;;
12.99;43.16;443;0.7;100;11.7580228;13.06446978;7.336714218;1.4;;
12.99;43.19;444;0.7;100;11.78120021;13.09022246;7.23805838;1.4;;
12.99;43.22;445;0.7;100;11.74881555;13.0542395;7.143692486;1.4;;
12.99;43.25;446;0.7;100;11.86953665;13.18837406;7.309247756;1.4;;
12.99;43.28;447;0.7;100;11.98142371;13.31269301;7.472992745;1.4;;
12.99;43.31;448;0.7;100;12.05689494;13.39654993;7.573267726;1.4;;
12.99;43.34;449;0.7;100;12.09803758;13.44226398;7.680110429;1.4;;
12.99;43.37;450;0.7;100;12.23835683;13.59817425;7.264678202;1.4;;
12.99;43.4;451;0.7;100;12.49881046;13.88756718;6.527082845;1.4;;
12.99;43.43;452;0.7;100;12.41236188;13.7915132;6.689454296;1.4;;
12.99;43.46;453;0.7;100;12.46008927;13.84454363;6.49550038;1.4;;
12.99;43.49;454;0.7;100;12.50990293;13.89989214;6.270816566;1.4;;
12.99;43.52;455;0.7;100;12.56190634;13.95767371;6.03184766;1.4;;
12.99;43.55;456;0.7;100;12.62864353;14.03182615;5.929450484;1.4;;
12.99;43.58;457;0.7;100;12.69859207;14.10954674;5.83890672;1.4;;
12.99;43.61;458;0.7;100;12.78276299;14.20306998;5.747668453;1.4;;
12.99;43.64;459;0.7;100;12.89934004;14.33260004;5.632644345;1.4;;
12.99;43.67;460;0.7;100;12.91438778;14.34931975;5.566015146;1.4;;
12.99;43.7;461;0.7;100;12.72247454;14.13608283;5.883095167;1.4;;
12.99;43.73;462;0.7;100;12.8686476;14.29849733;5.577950473;1.4;;
12.99;43.76;463;0.7;100;12.79348273;14.21498081;5.670584165;1.4;;
12.99;43.79;464;0.7;100;12.8133597;14.23706634;5.63611079;1.4;;
12.99;43.82;465;0.7;100;12.87947129;14.31052366;5.536994779;1.4;;
12.99;43.85;466;0.7;100;12.82407996;14.24897773;5.575489918;1.4;;
13.02;42.92;467;0.7;100;11.50699941;12.7855549;7.838211186;1.4;;
13.02;42.95;468;0.7;100;11.43919948;12.71022164;7.887871726;1.4;;
13.02;42.98;469;0.7;100;11.37708617;12.64120685;8.046108484;1.4;;
13.02;43.01;470;0.7;100;11.41436929;12.68263255;8.338742604;1.4;;
13.02;43.04;471;0.7;100;10.96208932;12.18009925;12.64842883;1.4;;
13.02;43.07;472;0.7;100;11.49214644;12.7690516;8.12318186;1.4;;
13.02;43.1;473;0.7;100;11.53034884;12.81149871;7.510529493;1.4;;
13.02;43.13;474;0.7;100;11.65438427;12.94931585;7.388535688;1.4;;
13.02;43.16;475;0.7;100;11.75019976;13.05577751;7.330355169;1.4;;
13.02;43.19;476;0.7;100;11.79617122;13.10685691;7.271467442;1.4;;
13.02;43.22;477;0.7;100;11.81946333;13.13273703;7.264712487;1.4;;
13.02;43.25;478;0.7;100;11.84810665;13.16456294;7.417107873;1.4;;
13.02;43.28;479;0.7;100;11.87464219;13.19404688;7.715883838;1.4;;
13.02;43.31;480;0.7;100;11.93832426;13.26480473;7.87152817;1.4;;
13.02;43.34;481;0.7;100;11.12406451;12.36007168;12.66114886;1.4;;
13.02;43.37;482;0.7;100;12.13736397;13.48595997;7.534376768;1.4;;
13.02;43.4;483;0.7;100;12.30305746;13.67006385;6.96546014;1.4;;
13.02;43.43;484;0.7;100;12.38760852;13.76400947;6.699846146;1.4;;
13.02;43.46;485;0.7;100;12.45337751;13.83708612;6.49239262;1.4;;
13.02;43.49;486;0.7;100;12.51736806;13.90818673;6.294037607;1.4;;
13.02;43.52;487;0.7;100;12.59076061;13.98973401;6.102638259;1.4;;
13.02;43.55;488;0.7;100;12.69563986;14.10626651;5.92185433;1.4;;
13.02;43.58;489;0.7;100;12.83403298;14.26003665;5.748392004;1.4;;
13.02;43.61;490;0.7;100;12.93265576;14.36961752;5.652091906;1.4;;
13.02;43.64;491;0.7;100;12.72166162;14.13517957;5.945378681;1.4;;
13.02;43.67;492;0.7;100;12.9876591;14.43073233;5.558603599;1.4;;
13.02;43.7;493;0.7;100;12.92105035;14.35672261;5.568401798;1.4;;
13.02;43.73;494;0.7;100;12.84138876;14.26820974;5.647075304;1.4;;
13.02;43.76;495;0.7;100;12.79490557;14.21656175;5.694292669;1.4;;
13.02;43.79;496;0.7;100;12.78629289;14.2069921;5.693795368;1.4;;
13.02;43.82;497;0.7;100;12.78950214;14.21055793;5.676609847;1.4;;
13.02;43.85;498;0.7;100;12.77524903;14.19472114;5.68151516;1.4;;
13.05;42.92;499;0.7;100;11.41546662;12.68385181;7.979165143;1.4;;
13.05;42.95;500;0.7;100;11.27455764;12.52728626;8.071701837;1.4;;
13.05;42.98;501;0.7;100;10.49372308;11.65969231;9.690406919;1.4;;
13.05;43.01;502;0.7;100;11.37057228;12.6339692;8.272900911;1.4;;
13.05;43.04;503;0.7;100;11.47029579;12.7447731;8.348616246;1.4;;
13.05;43.07;504;0.7;100;11.55992021;12.84435578;7.970903765;1.4;;
13.05;43.1;505;0.7;100;11.63031235;12.92256928;7.636864952;1.4;;
13.05;43.13;506;0.7;100;11.69820894;12.99800994;7.45379391;1.4;;
13.05;43.16;507;0.7;100;11.75459525;13.06066139;7.346843892;1.4;;
13.05;43.19;508;0.7;100;11.78460624;13.09400693;7.275464427;1.4;;
13.05;43.22;509;0.7;100;11.76993622;13.07770691;7.244863155;1.4;;
13.05;43.25;510;0.7;100;11.69468582;12.99409536;7.470770797;1.4;;
13.05;43.28;511;0.7;100;11.01329871;12.23699857;12.00362941;1.4;;
13.05;43.31;512;0.7;100;11.88423245;13.20470272;7.841183767;1.4;;
13.05;43.34;513;0.7;100;11.99742749;13.33047499;7.734513305;1.4;;
13.05;43.37;514;0.7;100;12.15126781;13.50140868;7.313238228;1.4;;
13.05;43.4;515;0.7;100;12.27984569;13.64427299;6.946136223;1.4;;
13.05;43.43;516;0.7;100;12.37470308;13.74967009;6.687974032;1.4;;
13.05;43.46;517;0.7;100;12.45398993;13.83776659;6.476628911;1.4;;
13.05;43.49;518;0.7;100;12.53300285;13.92555872;6.276238071;1.4;;
13.05;43.52;519;0.7;100;12.63625572;14.04028413;6.049520092;1.4;;
13.05;43.55;520;0.7;100;12.8274492;14.25272134;5.747320345;1.4;;
13.05;43.58;521;0.7;100;12.66740757;14.0748973;6.054780872;1.4;;
13.05;43.61;522;0.7;100;12.96450253;14.40500281;5.627590274;1.4;;
13.05;43.64;523;0.7;100;12.97833637;14.42037375;5.622275923;1.4;;
13.05;43.67;524;0.7;100;12.90031143;14.33367937;5.670370075;1.4;;
13.05;43.7;525;0.7;100;12.84370712;14.27078569;5.699092997;1.4;;
13.05;43.73;526;0.7;100;12.80706456;14.23007173;5.720985238;1.4;;
13.05;43.76;527;0.7;100;12.78143838;14.2015982;5.73777675;1.4;;
13.05;43.79;528;0.7;100;12.76785554;14.18650616;5.742766414;1.4;;
13.05;43.82;529;0.7;100;12.75959264;14.17732515;5.742874535;1.4;;
13.08;42.92;530;0.7;100;11.2797154;12.53301711;8.077922539;1.4;;
13.08;42.95;531;0.7;100;10.50382747;11.67091941;7.9224576;1.4;;
13.08;42.98;532;0.7;100;11.23519926;12.48355473;8.065902913;1.4;;
13.08;43.01;533;0.7;100;11.42092096;12.68991218;8.045514285;1.4;;
13.08;43.04;534;0.7;100;11.53350321;12.81500356;7.961589023;1.4;;
13.08;43.07;535;0.7;100;11.61051385;12.90057094;7.794962069;1.4;;
13.08;43.1;536;0.7;100;11.67033164;12.96703516;7.607552299;1.4;;
13.08;43.13;537;0.7;100;11.7164402;13.01826689;7.455622156;1.4;;
13.08;43.16;538;0.7;100;11.74525263;13.05028069;7.335905508;1.4;;
13.08;43.19;539;0.7;100;11.74806641;13.05340713;7.234209399;1.4;;
13.08;43.22;540;0.7;100;11.65402131;12.94891257;7.085702405;1.4;;
13.08;43.25;541;0.7;100;10.5452359;11.71692878;7.249988006;1.4;;
13.08;43.28;542;0.7;100;11.67572107;12.97302341;7.42779954;1.4;;
13.08;43.31;543;0.7;100;11.90689809;13.22988677;7.424163294;1.4;;
13.08;43.34;544;0.7;100;12.05386674;13.39318527;7.280669084;1.4;;
13.08;43.37;545;0.7;100;12.17510509;13.52789455;7.075655218;1.4;;
13.08;43.4;546;0.7;100;12.28378048;13.64864498;6.844282975;1.4;;
13.08;43.43;547;0.7;100;12.37986926;13.75541029;6.626043442;1.4;;
13.08;43.46;548;0.7;100;12.46837822;13.85375358;6.420508387;1.4;;
13.08;43.49;549;0.7;100;12.55852631;13.95391812;6.213433553;1.4;;
13.08;43.52;550;0.7;100;12.69447665;14.10497406;5.91267924;1.4;;
13.08;43.55;551;0.7;100;12.61881101;14.02090112;6.139280815;1.4;;
13.08;43.58;552;0.7;100;12.93043343;14.36714826;5.585017628;1.4;;
13.08;43.61;553;0.7;100;12.87152724;14.30169693;5.711585032;1.4;;
13.08;43.64;554;0.7;100;12.84734391;14.27482657;5.746311807;1.4;;
13.08;43.67;555;0.7;100;12.82697105;14.25219005;5.756868759;1.4;;
13.08;43.7;556;0.7;100;12.8039557;14.22661744;5.764442566;1.4;;
13.08;43.73;557;0.7;100;12.78370328;14.20411475;5.771417634;1.4;;
13.08;43.76;558;0.7;100;12.76697102;14.18552336;5.778244048;1.4;;
13.08;43.79;559;0.7;100;12.75398416;14.17109351;5.783852612;1.4;;
13.11;42.92;560;0.7;100;11.25315195;12.50350216;8.309391269;1.4;;
13.11;42.95;561;0.7;100;10.45287119;11.61430132;5.723025181;1.4;;
13.11;42.98;562;0.7;100;11.31152487;12.56836096;7.808657685;1.4;;
13.11;43.01;563;0.7;100;11.48062507;12.75625008;7.880202978;1.4;;
13.11;43.04;564;0.7;100;11.57880464;12.86533849;7.804597984;1.4;;
13.11;43.07;565;0.7;100;11.64714606;12.9412734;7.682108862;1.4;;
13.11;43.1;566;0.7;100;11.69410009;12.99344454;7.549567484;1.4;;
13.11;43.13;567;0.7;100;11.71592139;13.01769044;7.428872288;1.4;;
13.11;43.16;568;0.7;100;11.70010378;13.00011531;7.288074499;1.4;;
13.11;43.19;569;0.7;100;11.64820851;12.94245389;7.097493654;1.4;;
13.11;43.22;570;0.7;100;11.60396528;12.89329476;6.972984139;1.4;;
13.11;43.25;571;0.7;100;10.50212938;11.66903265;5.642559822;1.4;;
13.11;43.28;572;0.7;100;11.71990404;13.0221156;7.021627961;1.4;;
13.11;43.31;573;0.7;100;11.9418111;13.268679;7.112320523;1.4;;
13.11;43.34;574;0.7;100;12.08138416;13.42376018;7.038998228;1.4;;
13.11;43.37;575;0.7;100;12.19597191;13.5510799;6.896864431;1.4;;
13.11;43.4;576;0.7;100;12.30157401;13.66841557;6.71826995;1.4;;
13.11;43.43;577;0.7;100;12.40545188;13.78383542;6.518912714;1.4;;
13.11;43.46;578;0.7;100;12.5127448;13.90304978;6.292085362;1.4;;
13.11;43.49;579;0.7;100;12.6199213;14.02213478;6.043261464;1.4;;
13.11;43.52;580;0.7;100;12.71236008;14.12484453;5.840637978;1.4;;
13.11;43.55;581;0.7;100;12.62169309;14.02410343;6.125283746;1.4;;
13.11;43.58;582;0.7;100;12.82583379;14.25092644;5.675263647;1.4;;
13.11;43.61;583;0.7;100;12.80083977;14.2231553;5.781136617;1.4;;
13.11;43.64;584;0.7;100;12.7943367;14.21592967;5.803314733;1.4;;
13.11;43.67;585;0.7;100;12.78879785;14.20977539;5.804876996;1.4;;
13.11;43.7;586;0.7;100;12.78059076;14.2006564;5.802401957;1.4;;
13.11;43.73;587;0.7;100;12.77001621;14.1889069;5.802149403;1.4;;
13.11;43.76;588;0.7;100;12.7576226;14.17513622;5.806767117;1.4;;
13.11;43.79;589;0.7;100;12.74462978;14.16069976;5.815788466;1.4;;
13.14;42.86;590;0.7;100;11.3348057;12.59422855;12.70486044;1.4;;
13.14;42.89;591;0.7;100;10.97376439;12.19307155;13.70990647;1.4;;
13.14;42.92;592;0.7;100;11.33893264;12.59881405;9.28843449;1.4;;
13.14;42.95;593;0.7;100;11.33717869;12.59686521;8.245517691;1.4;;
13.14;42.98;594;0.7;100;11.43992608;12.71102898;7.999507207;1.4;;
13.14;43.01;595;0.7;100;11.54287986;12.82542207;7.880223577;1.4;;
13.14;43.04;596;0.7;100;11.6212672;12.91251911;7.752406648;1.4;;
13.14;43.07;597;0.7;100;11.67937765;12.97708628;7.619604292;1.4;;
13.14;43.1;598;0.7;100;11.71287336;13.01430373;7.500051403;1.4;;
13.14;43.13;599;0.7;100;11.69266297;12.99184774;7.439854904;1.4;;
13.14;43.16;600;0.7;100;11.57186097;12.8576233;7.362808665;1.4;;
13.14;43.19;601;0.7;100;10.60998884;11.78887649;7.296816025;1.4;;
13.14;43.22;602;0.7;100;11.62912365;12.9212485;6.937802122;1.4;;
13.14;43.25;603;0.7;100;11.69245069;12.99161187;6.903448093;1.4;;
13.14;43.28;604;0.7;100;11.84389817;13.15988686;6.94429157;1.4;;
13.14;43.31;605;0.7;100;11.99172354;13.32413727;6.94318878;1.4;;
13.14;43.34;606;0.7;100;12.11312472;13.45902747;6.870938752;1.4;;
13.14;43.37;607;0.7;100;12.22223395;13.58025995;6.746536299;1.4;;
13.14;43.4;608;0.7;100;12.33281277;13.7031253;6.578467419;1.4;;
13.14;43.43;609;0.7;100;12.46808347;13.85342608;6.353766637;1.4;;
13.14;43.46;610;0.7;100;12.64644846;14.0516094;6.029516105;1.4;;
13.14;43.49;611;0.7;100;12.54696124;13.94106805;6.2674078;1.4;;
13.14;43.52;612;0.7;100;12.71584427;14.12871585;5.82791027;1.4;;
13.14;43.55;613;0.7;100;12.74905264;14.16561405;5.778315839;1.4;;
13.14;43.58;614;0.7;100;12.75755389;14.17505988;5.809917115;1.4;;
13.14;43.61;615;0.7;100;12.76246998;14.1805222;5.836369516;1.4;;
13.14;43.64;616;0.7;100;12.76947011;14.18830012;5.837156492;1.4;;
13.14;43.67;617;0.7;100;12.77472479;14.19413865;5.826417701;1.4;;
13.14;43.7;618;0.7;100;12.77727836;14.19697595;5.81152169;1.4;;
13.14;43.73;619;0.7;100;12.77448841;14.19387601;5.802390725;1.4;;
13.14;43.76;620;0.7;100;12.76073463;14.17859403;5.812653539;1.4;;
13.17;42.86;621;0.7;100;10.88451678;12.09390753;26.59533606;1.4;;
13.17;42.89;622;0.7;100;11.36063096;12.62292329;12.01316223;1.4;;
13.17;42.92;623;0.7;100;11.43991445;12.71101606;9.70193115;1.4;;
13.17;42.95;624;0.7;100;11.48332376;12.75924862;8.722088478;1.4;;
13.17;42.98;625;0.7;100;11.53811955;12.82013283;8.248746044;1.4;;
13.17;43.01;626;0.7;100;11.60265467;12.89183852;7.966136867;1.4;;
13.17;43.04;627;0.7;100;11.66580079;12.96200088;7.749067006;1.4;;
13.17;43.07;628;0.7;100;11.71872007;13.02080008;7.566788911;1.4;;
13.17;43.1;629;0.7;100;11.75259566;13.05843962;7.410336066;1.4;;
13.17;43.13;630;0.7;100;11.69923011;12.99914457;7.399718715;1.4;;
13.17;43.16;631;0.7;100;10.45196374;11.61329304;10.52069437;1.4;;
13.17;43.19;632;0.7;100;11.58078544;12.86753938;7.255371687;1.4;;
13.17;43.22;633;0.7;100;11.74020225;13.04466917;7.03042716;1.4;;
13.17;43.25;634;0.7;100;11.84347097;13.15941219;6.952667477;1.4;;
13.17;43.28;635;0.7;100;11.94579996;13.27311107;6.896600269;1.4;;
13.17;43.31;636;0.7;100;12.05298869;13.39220965;6.831039005;1.4;;
13.17;43.34;637;0.7;100;12.15667133;13.50741258;6.733054052;1.4;;
13.17;43.37;638;0.7;100;12.25959179;13.62176865;6.59849493;1.4;;
13.17;43.4;639;0.7;100;12.38012977;13.75569974;6.404769411;1.4;;
13.17;43.43;640;0.7;100;12.57998826;13.97776473;6.077217848;1.4;;
13.17;43.46;641;0.7;100;12.52296092;13.91440102;6.323008633;1.4;;
13.17;43.49;642;0.7;100;12.75384909;14.17094343;5.823744799;1.4;;
13.17;43.52;643;0.7;100;12.69526902;14.10585446;5.909576345;1.4;;
13.17;43.55;644;0.7;100;12.70649048;14.11832276;5.906295665;1.4;;
13.17;43.58;645;0.7;100;12.73043498;14.14492776;5.887407062;1.4;;
13.17;43.61;646;0.7;100;12.75322409;14.17024899;5.869016249;1.4;;
13.17;43.64;647;0.7;100;12.77469989;14.19411098;5.843380708;1.4;;
13.17;43.67;648;0.7;100;12.79363391;14.21514879;5.810696063;1.4;;
13.17;43.7;649;0.7;100;12.8159616;14.23995733;5.75950941;1.4;;
13.17;43.73;650;0.7;100;12.8546961;14.28299567;5.67651058;1.4;;
13.2;42.74;651;0.7;100;10.67280948;11.8586772;11.28522714;1.4;;
13.2;42.86;652;0.7;100;11.44524413;12.71693792;12.44708019;1.4;;
13.2;42.89;653;0.7;100;11.48512654;12.76125171;10.96571908;1.4;;
13.2;42.92;654;0.7;100;11.52660126;12.80733473;9.755204333;1.4;;
13.2;42.95;655;0.7;100;11.56155358;12.84617064;9.005080339;1.4;;
13.2;42.98;656;0.7;100;11.59816281;12.88684757;8.478973756;1.4;;
13.2;43.01;657;0.7;100;11.64457624;12.93841804;8.072394299;1.4;;
13.2;43.04;658;0.7;100;11.71270682;13.01411869;7.724441356;1.4;;
13.2;43.07;659;0.7;100;11.78870376;13.09855973;7.397501197;1.4;;
13.2;43.1;660;0.7;100;11.83508598;13.15009553;7.217112213;1.4;;
13.2;43.13;661;0.7;100;12.5357936;13.92865956;7.447390948;1.4;;
13.2;43.16;662;0.7;100;11.74155458;13.04617176;7.285194436;1.4;;
13.2;43.19;663;0.7;100;11.77237809;13.0804201;7.197086129;1.4;;
13.2;43.22;664;0.7;100;11.85582421;13.17313801;7.040530165;1.4;;
13.2;43.25;665;0.7;100;11.94077339;13.26752599;6.929317785;1.4;;
13.2;43.28;666;0.7;100;12.03097633;13.36775148;6.827345203;1.4;;
13.2;43.31;667;0.7;100;12.12427968;13.47142187;6.716434973;1.4;;
13.2;43.34;668;0.7;100;12.21669154;13.57410171;6.569457451;1.4;;
13.2;43.37;669;0.7;100;12.31573225;13.68414695;6.361304615;1.4;;
13.2;43.4;670;0.7;100;12.43303616;13.81448462;6.186199606;1.4;;
13.2;43.43;671;0.7;100;13.04993153;14.49992392;6.375434902;1.4;;
13.2;43.46;672;0.7;100;12.69711757;14.10790841;5.869005629;1.4;;
13.2;43.49;673;0.7;100;12.67779389;14.08643765;5.957569494;1.4;;
13.2;43.52;674;0.7;100;12.67813308;14.08681453;5.969002061;1.4;;
13.2;43.55;675;0.7;100;12.70413682;14.11570758;5.94471594;1.4;;
13.2;43.58;676;0.7;100;12.7444117;14.16045745;5.904782026;1.4;;
13.2;43.61;677;0.7;100;12.78816213;14.20906904;5.857514555;1.4;;
13.2;43.64;678;0.7;100;12.83862351;14.26513724;5.787940199;1.4;;
13.2;43.67;679;0.7;100;12.91692497;14.35213886;5.674136318;1.4;;
13.2;43.7;680;0.7;100;12.92471753;14.36079725;5.61439657;1.4;;
13.2;43.73;681;0.7;100;12.71705981;14.13006646;5.991553446;1.4;;
13.23;42.74;682;0.7;100;11.39242493;12.65824993;9.548537368;1.4;;
13.23;42.77;683;0.7;100;11.50576828;12.78418698;9.456548387;1.4;;
13.23;42.86;684;0.7;100;11.5666202;12.85180022;10.45756649;1.4;;
13.23;42.89;685;0.7;100;11.57311322;12.85901469;10.18043372;1.4;;
13.23;42.92;686;0.7;100;11.59239969;12.8804441;9.797034792;1.4;;
13.23;42.95;687;0.7;100;11.61230003;12.90255559;9.390770052;1.4;;
13.23;42.98;688;0.7;100;11.61656877;12.90729863;8.754079225;1.4;;
13.23;43.01;689;0.7;100;11.60837801;12.89819779;8.082992058;1.4;;
13.23;43.04;690;0.7;100;11.73700244;13.04111382;7.620892294;1.4;;
13.23;43.07;691;0.7;100;12.31203936;13.68004373;7.666065034;1.4;;
13.23;43.1;692;0.7;100;11.88405291;13.20450323;7.149059326;1.4;;
13.23;43.13;693;0.7;100;11.90568705;13.22854117;7.084842418;1.4;;
13.23;43.16;694;0.7;100;11.88529074;13.2058786;7.122189602;1.4;;
13.23;43.19;695;0.7;100;11.90362163;13.22624626;7.079836175;1.4;;
13.23;43.22;696;0.7;100;11.95894778;13.28771975;6.979551674;1.4;;
13.23;43.25;697;0.7;100;12.03297726;13.36997473;6.863759648;1.4;;
13.23;43.28;698;0.7;100;12.13071479;13.47857199;6.705460596;1.4;;
13.23;43.31;699;0.7;100;12.25169372;13.61299303;6.492325965;1.4;;
13.23;43.34;700;0.7;100;12.3032748;13.67030533;6.343517978;1.4;;
13.23;43.37;701;0.7;100;12.59258954;13.99176615;6.517110389;1.4;;
13.23;43.4;702;0.7;100;12.44637523;13.82930581;6.108955544;1.4;;
13.23;43.43;703;0.7;100;12.54169153;13.93521282;6.028426848;1.4;;
13.23;43.46;704;0.7;100;12.6020222;14.00224689;6.025191271;1.4;;
13.23;43.49;705;0.7;100;12.64271443;14.04746047;6.017544903;1.4;;
13.23;43.52;706;0.7;100;12.68193324;14.09103693;5.984922659;1.4;;
13.23;43.55;707;0.7;100;12.73349113;14.14832348;5.933930998;1.4;;
13.23;43.58;708;0.7;100;12.82624552;14.25138391;5.851645942;1.4;;
13.23;43.61;709;0.7;100;12.97414517;14.41571686;5.722281679;1.4;;
13.23;43.64;710;0.7;100;12.99898409;14.44331566;5.644379779;1.4;;
13.23;43.67;711;0.7;100;12.76293326;14.18103696;5.954262261;1.4;;
13.23;43.7;712;0.7;100;12.99420713;14.43800792;5.569435216;1.4;;
13.26;42.74;713;0.7;100;11.58228848;12.86920943;9.164816186;1.4;;
13.26;42.77;714;0.7;100;11.60359408;12.89288232;9.227601066;1.4;;
13.26;42.83;715;0.7;100;11.64296227;12.93662475;9.594689791;1.4;;
13.26;42.86;716;0.7;100;11.62637067;12.91818964;9.815235563;1.4;;
13.26;42.89;717;0.7;100;11.62150505;12.91278339;9.962585703;1.4;;
13.26;42.92;718;0.7;100;11.6306393;12.92293256;10.46771946;1.4;;
13.26;42.95;719;0.7;100;11.63428532;12.92698369;11.31819475;1.4;;
13.26;42.98;720;0.7;100;11.59422478;12.88247197;9.576146626;1.4;;
13.26;43.01;721;0.7;100;10.60782433;11.78647148;5.662300458;1.4;;
13.26;43.04;722;0.7;100;11.69242748;12.99158609;7.719649948;1.4;;
13.26;43.07;723;0.7;100;11.85158579;13.16842865;7.406675148;1.4;;
13.26;43.1;724;0.7;100;11.90094879;13.22327643;7.285583532;1.4;;
13.26;43.13;725;0.7;100;11.93263404;13.25848226;7.184644171;1.4;;
13.26;43.16;726;0.7;100;11.96161897;13.29068774;7.089052181;1.4;;
13.26;43.19;727;0.7;100;12.00044735;13.33383039;6.99326077;1.4;;
13.26;43.22;728;0.7;100;12.05894221;13.39882468;6.896162518;1.4;;
13.26;43.25;729;0.7;100;12.1437596;13.49306622;6.776260749;1.4;;
13.26;43.28;730;0.7;100;12.25256012;13.61395569;6.545921279;1.4;;
13.26;43.31;731;0.7;100;12.29528969;13.66143299;6.660355717;1.4;;
13.26;43.34;732;0.7;100;12.39040767;13.76711964;6.254625952;1.4;;
13.26;43.37;733;0.7;100;12.40751338;13.78612598;6.187881279;1.4;;
13.26;43.4;734;0.7;100;12.46191894;13.84657659;6.178520911;1.4;;
13.26;43.43;735;0.7;100;12.53137765;13.92375294;6.134508113;1.4;;
13.26;43.46;736;0.7;100;12.60118524;14.00131693;6.076527883;1.4;;
13.26;43.49;737;0.7;100;12.66490155;14.07211283;6.017697496;1.4;;
13.26;43.52;738;0.7;100;12.73413203;14.14903559;5.939029689;1.4;;
13.26;43.55;739;0.7;100;12.83813583;14.26459537;5.817545098;1.4;;
13.26;43.58;740;0.7;100;12.98949146;14.43276829;5.717177773;1.4;;
13.26;43.61;741;0.7;100;12.75711439;14.17457154;5.994930038;1.4;;
13.26;43.64;742;0.7;100;12.76590711;14.18434124;5.607337751;1.4;;
13.26;43.67;743;0.7;100;13.02516571;14.47240634;5.610667559;1.4;;
13.29;42.74;744;0.7;100;11.67108816;12.96787573;9.022307528;1.4;;
13.29;42.77;745;0.7;100;11.6754035;12.97267056;9.109832318;1.4;;
13.29;42.8;746;0.7;100;11.68672871;12.98525412;9.237911867;1.4;;
13.29;42.83;747;0.7;100;11.67715499;12.97461666;9.43432906;1.4;;
13.29;42.86;748;0.7;100;11.63924097;12.93248997;9.688527154;1.4;;
13.29;42.89;749;0.7;100;11.58722628;12.87469586;10.13069467;1.4;;
13.29;42.92;750;0.7;100;11.6265197;12.91835522;11.77345921;1.4;;
13.29;42.95;751;0.7;100;11.4374389;12.70826544;35.93392794;1.4;;
13.29;42.98;752;0.7;100;11.66641249;12.96268054;11.18005652;1.4;;
13.29;43.01;753;0.7;100;11.66666579;12.96296198;8.795130488;1.4;;
13.29;43.04;754;0.7;100;11.77541;13.08378889;8.04821917;1.4;;
13.29;43.07;755;0.7;100;11.87426548;13.19362831;7.654587722;1.4;;
13.29;43.1;756;0.7;100;11.94146174;13.26829082;7.389721079;1.4;;
13.29;43.13;757;0.7;100;11.99406143;13.32673492;7.189875907;1.4;;
13.29;43.16;758;0.7;100;12.05058602;13.38954002;6.997963124;1.4;;
13.29;43.19;759;0.7;100;12.1266502;13.47405578;6.782717388;1.4;;
13.29;43.22;760;0.7;100;12.16974442;13.52193825;6.767372657;1.4;;
13.29;43.25;761;0.7;100;12.69115547;14.10128385;6.525234346;1.4;;
13.29;43.28;762;0.7;100;12.293995;13.65999444;6.567675016;1.4;;
13.29;43.31;763;0.7;100;12.37757033;13.75285593;6.368205779;1.4;;
13.29;43.34;764;0.7;100;12.39938948;13.77709942;6.332769489;1.4;;
13.29;43.37;765;0.7;100;12.4392368;13.82137422;6.280059038;1.4;;
13.29;43.4;766;0.7;100;12.50423405;13.89359338;6.210100125;1.4;;
13.29;43.43;767;0.7;100;12.58193641;13.97992935;6.131892538;1.4;;
13.29;43.46;768;0.7;100;12.67979753;14.08866392;6.029197941;1.4;;
13.29;43.49;769;0.7;100;12.81366071;14.23740078;5.884825421;1.4;;
13.29;43.52;770;0.7;100;12.85862286;14.28735873;5.809515575;1.4;;
13.29;43.55;771;0.7;100;12.72127148;14.13474609;6.0667126;1.4;;
13.29;43.58;772;0.7;100;12.98342242;14.42602492;5.698024067;1.4;;
13.29;43.61;773;0.7;100;13.07146954;14.52385505;5.668745336;1.4;;
13.29;43.64;774;0.7;100;12.98891941;14.43213268;5.726062357;1.4;;
13.29;43.67;775;0.7;100;12.92052779;14.35614198;5.766396554;1.4;;
13.32;42.74;776;0.7;100;11.72288982;13.02543313;8.983509562;1.4;;
13.32;42.77;777;0.7;100;11.72590811;13.02878679;9.082970149;1.4;;
13.32;42.8;778;0.7;100;11.72673993;13.02971103;9.244775961;1.4;;
13.32;42.83;779;0.7;100;11.71444282;13.01604758;9.484204234;1.4;;
13.32;42.86;780;0.7;100;11.62486365;12.91651517;9.755632959;1.4;;
13.32;42.89;781;0.7;100;10.71740872;11.90823191;12.08304969;1.4;;
13.32;42.92;782;0.7;100;11.62054086;12.91171206;10.83124662;1.4;;
13.32;42.95;783;0.7;100;11.70617943;13.00686603;11.78932264;1.4;;
13.32;42.98;784;0.7;100;11.76082647;13.06758497;10.27161222;1.4;;
13.32;43.01;785;0.7;100;11.81071152;13.1230128;8.94630567;1.4;;
13.32;43.04;786;0.7;100;11.87711333;13.19679259;8.202285315;1.4;;
13.32;43.07;787;0.7;100;11.94999384;13.27777093;7.740548984;1.4;;
13.32;43.1;788;0.7;100;12.02745671;13.36384079;7.372630679;1.4;;
13.32;43.13;789;0.7;100;12.1194032;13.46600356;7.0208905;1.4;;
13.32;43.16;790;0.7;100;12.17259377;13.52510419;6.798877125;1.4;;
13.32;43.19;791;0.7;100;13.06229757;14.51366396;6.980682933;1.4;;
13.32;43.22;792;0.7;100;12.24969869;13.61077633;6.614824842;1.4;;
13.32;43.25;793;0.7;100;12.27297313;13.63663681;6.660881572;1.4;;
13.32;43.28;794;0.7;100;12.30924402;13.6769378;6.579120371;1.4;;
13.32;43.31;795;0.7;100;12.36519663;13.73910737;6.465732885;1.4;;
13.32;43.34;796;0.7;100;12.42920859;13.81023176;6.364653681;1.4;;
13.32;43.37;797;0.7;100;12.50285195;13.89205772;6.268719059;1.4;;
13.32;43.4;798;0.7;100;12.60719114;14.00799016;6.151201715;1.4;;
13.32;43.43;799;0.7;100;12.76254426;14.18060473;5.989423848;1.4;;
13.32;43.46;800;0.7;100;12.85283713;14.28093014;5.882278782;1.4;;
13.32;43.49;801;0.7;100;12.68002537;14.08891708;6.146910402;1.4;;
13.32;43.52;802;0.7;100;12.94073175;14.37859084;5.763078903;1.4;;
13.32;43.55;803;0.7;100;12.92022442;14.35580491;5.762950533;1.4;;
13.32;43.58;804;0.7;100;12.90923524;14.34359471;5.798508158;1.4;;
13.32;43.61;805;0.7;100;12.91699179;14.3522131;5.809947454;1.4;;
13.32;43.64;806;0.7;100;12.90341951;14.33713279;5.822429001;1.4;;
13.35;42.71;807;0.7;100;11.73043985;13.03382205;8.910038623;1.4;;
13.35;42.74;808;0.7;100;11.75342278;13.05935864;9.00379295;1.4;;
13.35;42.77;809;0.7;100;11.78386675;13.09318528;9.127480896;1.4;;
13.35;42.8;810;0.7;100;11.77430902;13.08256557;9.313465428;1.4;;
13.35;42.83;811;0.7;100;11.81917978;13.13242198;11.02243791;1.4;;
13.35;42.86;812;0.7;100;11.71377106;13.01530118;9.611114339;1.4;;
13.35;42.89;813;0.7;100;11.65784893;12.95316548;9.776502863;1.4;;
13.35;42.92;814;0.7;100;11.72318345;13.02575939;9.875953756;1.4;;
13.35;42.95;815;0.7;100;11.79336214;13.10373571;9.827115593;1.4;;
13.35;42.98;816;0.7;100;11.85657554;13.17397283;9.313144549;1.4;;
13.35;43.01;817;0.7;100;11.92014412;13.24460458;8.650332054;1.4;;
13.35;43.04;818;0.7;100;11.99385138;13.32650154;8.094011807;1.4;;
13.35;43.07;819;0.7;100;12.08822378;13.43135976;7.637730448;1.4;;
13.35;43.1;820;0.7;100;12.15835847;13.50928719;7.219022384;1.4;;
13.35;43.13;821;0.7;100;12.18187687;13.53541875;7.226612871;1.4;;
13.35;43.16;822;0.7;100;12.24657337;13.60730374;6.746236597;1.4;;
13.35;43.19;823;0.7;100;12.26337129;13.62596811;6.657951673;1.4;;
13.35;43.22;824;0.7;100;12.26442744;13.6271416;6.677134851;1.4;;
13.35;43.25;825;0.7;100;12.29102523;13.6566947;6.646748899;1.4;;
13.35;43.28;826;0.7;100;12.34194;13.71326667;6.553402468;1.4;;
13.35;43.31;827;0.7;100;12.411747;13.79083;6.434921278;1.4;;
13.35;43.34;828;0.7;100;12.5205657;13.91173967;6.291993257;1.4;;
13.35;43.37;829;0.7;100;12.6829389;14.09215433;6.109462046;1.4;;
13.35;43.4;830;0.7;100;12.7953276;14.21703067;5.990863675;1.4;;
13.35;43.43;831;0.7;100;12.63179139;14.03532376;6.2408117;1.4;;
13.35;43.46;832;0.7;100;12.92428085;14.36031205;5.844519981;1.4;;
13.35;43.49;833;0.7;100;12.9254107;14.36156745;5.824087044;1.4;;
13.35;43.52;834;0.7;100;12.87226797;14.30251997;5.8692913;1.4;;
13.35;43.55;835;0.7;100;12.86055727;14.28950808;5.878439956;1.4;;
13.35;43.58;836;0.7;100;12.88341458;14.31490508;5.863084506;1.4;;
13.35;43.61;837;0.7;100;12.90539478;14.33932753;5.849807037;1.4;;
13.35;43.64;838;0.7;100;12.89360818;14.32623131;5.861008295;1.4;;
13.38;42.71;839;0.7;100;11.5956676;12.88407511;9.121410197;1.4;;
13.38;42.74;840;0.7;100;11.73336742;13.03707492;9.107243438;1.4;;
13.38;42.77;841;0.7;100;12.1093833;13.45487033;9.809830843;1.4;;
13.38;42.8;842;0.7;100;11.82120318;13.1346702;9.208346206;1.4;;
13.38;42.83;843;0.7;100;11.80353603;13.11504003;9.308604854;1.4;;
13.38;42.86;844;0.7;100;11.79010141;13.10011268;9.296261872;1.4;;
13.38;42.89;845;0.7;100;11.79118832;13.10132035;9.300077118;1.4;;
13.38;42.92;846;0.7;100;11.8255996;13.13955511;9.26460918;1.4;;
13.38;42.95;847;0.7;100;11.88607639;13.20675154;9.09285487;1.4;;
13.38;42.98;848;0.7;100;11.97721432;13.30801591;8.69409304;1.4;;
13.38;43.01;849;0.7;100;12.09030192;13.4336688;8.156275339;1.4;;
13.38;43.04;850;0.7;100;12.14988299;13.49986999;7.826046255;1.4;;
13.38;43.07;851;0.7;100;12.15836073;13.5092897;6.304737307;1.4;;
13.38;43.1;852;0.7;100;12.23230945;13.59145494;7.231588773;1.4;;
13.38;43.13;853;0.7;100;12.25800025;13.62000028;6.957782666;1.4;;
13.38;43.16;854;0.7;100;12.24823061;13.60914512;6.887662999;1.4;;
13.38;43.19;855;0.7;100;12.25792161;13.6199129;6.812883948;1.4;;
13.38;43.22;856;0.7;100;12.28457122;13.64952358;6.729362903;1.4;;
13.38;43.25;857;0.7;100;12.32862234;13.69846926;6.626465697;1.4;;
13.38;43.28;858;0.7;100;12.40290894;13.78100993;6.470381494;1.4;;
13.38;43.31;859;0.7;100;12.51013293;13.9001477;6.275405534;1.4;;
13.38;43.34;860;0.7;100;12.6697209;14.07746767;6.116133696;1.4;;
13.38;43.37;861;0.7;100;12.57016297;13.96684775;6.344676137;1.4;;
13.38;43.4;862;0.7;100;12.85745992;14.28606657;5.940235531;1.4;;
13.38;43.43;863;0.7;100;12.8815998;14.31288867;5.91609988;1.4;;
13.38;43.46;864;0.7;100;12.82955111;14.25505679;5.957491434;1.4;;
13.38;43.49;865;0.7;100;12.81178218;14.23531353;5.965630385;1.4;;
13.38;43.52;866;0.7;100;12.81909259;14.24343621;5.953536769;1.4;;
13.38;43.55;867;0.7;100;12.85327343;14.28141492;5.922034502;1.4;;
13.38;43.58;868;0.7;100;12.95193165;14.39103516;5.842968927;1.4;;
13.38;43.61;869;0.7;100;12.75094801;14.16772001;5.728862386;1.4;;
13.38;43.64;870;0.7;100;13.00687019;14.45207799;5.801683037;1.4;;
13.41;42.71;871;0.7;100;10.55553064;11.72836738;10.79200683;1.4;;
13.41;42.74;872;0.7;100;11.64871863;12.9430207;9.149488672;1.4;;
13.41;42.77;873;0.7;100;11.80919265;13.12132517;9.06399866;1.4;;
13.41;42.8;874;0.7;100;11.83846405;13.15384894;9.031094002;1.4;;
13.41;42.83;875;0.7;100;11.84520418;13.16133798;9.027972688;1.4;;
13.41;42.86;876;0.7;100;11.85278092;13.16975658;9.012212743;1.4;;
13.41;42.89;877;0.7;100;11.87068174;13.18964638;8.969200329;1.4;;
13.41;42.92;878;0.7;100;11.90867725;13.23186361;8.874625329;1.4;;
13.41;42.95;879;0.7;100;11.9779452;13.30882799;8.68246357;1.4;;
13.41;42.98;880;0.7;100;12.13329188;13.48143542;8.258391244;1.4;;
13.41;43.01;881;0.7;100;12.13696068;13.48551186;8.108859465;1.4;;
13.41;43.04;882;0.7;100;12.27197181;13.63552423;7.658024389;1.4;;
13.41;43.07;883;0.7;100;12.26604681;13.6289409;7.469032953;1.4;;
13.41;43.1;884;0.7;100;12.24792948;13.60881053;7.287845389;1.4;;
13.41;43.13;885;0.7;100;12.25042273;13.61158082;7.113797844;1.4;;
13.41;43.16;886;0.7;100;12.26335673;13.62595193;6.974978437;1.4;;
13.41;43.19;887;0.7;100;12.28433534;13.64926149;6.857950707;1.4;;
13.41;43.22;888;0.7;100;12.31817081;13.68685646;6.738662937;1.4;;
13.41;43.25;889;0.7;100;12.37324487;13.74804986;6.587923078;1.4;;
13.41;43.28;890;0.7;100;12.48750738;13.87500819;6.309662381;1.4;;
13.41;43.31;891;0.7;100;12.51260871;13.90289857;6.492743811;1.4;;
13.41;43.34;892;0.7;100;12.67646216;14.08495796;6.02857726;1.4;;
13.41;43.37;893;0.7;100;12.78336049;14.20373387;5.993002873;1.4;;
13.41;43.4;894;0.7;100;12.75990857;14.17767619;6.036575503;1.4;;
13.41;43.43;895;0.7;100;12.75361913;14.17068793;6.047599781;1.4;;
13.41;43.46;896;0.7;100;12.75860523;14.17622804;6.041155724;1.4;;
13.41;43.49;897;0.7;100;12.77052068;14.18946742;6.026572159;1.4;;
13.41;43.52;898;0.7;100;12.79972533;14.22191703;5.997329383;1.4;;
13.41;43.55;899;0.7;100;12.87170191;14.30189101;5.93429787;1.4;;
13.41;43.58;900;0.7;100;12.72876104;14.14306782;5.726777907;1.4;;
13.41;43.61;901;0.7;100;12.71380948;14.12645498;6.080851843;1.4;;
13.44;42.74;902;0.7;100;11.75296854;13.05885393;8.954103178;1.4;;
13.44;42.77;903;0.7;100;11.83508523;13.1500947;8.902506162;1.4;;
13.44;42.8;904;0.7;100;11.87345103;13.19272337;8.870770132;1.4;;
13.44;42.83;905;0.7;100;11.89342949;13.21492166;8.839052455;1.4;;
13.44;42.86;906;0.7;100;11.91113409;13.23459344;8.794279053;1.4;;
13.44;42.89;907;0.7;100;11.93638115;13.26264573;8.722870514;1.4;;
13.44;42.92;908;0.7;100;11.97864411;13.30960457;8.60988556;1.4;;
13.44;42.95;909;0.7;100;12.05369154;13.3929906;8.442010408;1.4;;
13.44;42.98;910;0.7;100;12.22303288;13.58114764;8.284198541;1.4;;
13.44;43.01;911;0.7;100;12.19639341;13.55154823;10.47001855;1.4;;
13.44;43.04;912;0.7;100;12.35159517;13.72399463;7.803278274;1.4;;
13.44;43.07;913;0.7;100;12.29946624;13.6660736;7.477534022;1.4;;
13.44;43.1;914;0.7;100;12.29027073;13.65585637;7.27791664;1.4;;
13.44;43.13;915;0.7;100;12.29130497;13.65700552;7.122041067;1.4;;
13.44;43.16;916;0.7;100;12.3023448;13.669272;6.986862296;1.4;;
13.44;43.19;917;0.7;100;12.32322094;13.69246771;6.861324386;1.4;;
13.44;43.22;918;0.7;100;12.35739247;13.73043607;6.727916676;1.4;;
13.44;43.25;919;0.7;100;12.41367907;13.79297675;6.552895813;1.4;;
13.44;43.28;920;0.7;100;12.52599388;13.91777098;6.209670526;1.4;;
13.44;43.31;921;0.7;100;13.0428405;14.492045;6.465225789;1.4;;
13.44;43.34;922;0.7;100;12.66658467;14.07398297;5.958235726;1.4;;
13.44;43.37;923;0.7;100;12.68325729;14.0925081;6.06432884;1.4;;
13.44;43.4;924;0.7;100;12.70024726;14.11138584;6.083488205;1.4;;
13.44;43.43;925;0.7;100;12.71165204;14.12405782;6.086624878;1.4;;
13.44;43.46;926;0.7;100;12.72727609;14.14141787;6.07782988;1.4;;
13.44;43.49;927;0.7;100;12.75047465;14.16719405;6.059189659;1.4;;
13.44;43.52;928;0.7;100;12.78972041;14.21080045;6.02517981;1.4;;
13.44;43.55;929;0.7;100;12.8729312;14.30325689;5.953926757;1.4;;
13.44;43.58;930;0.7;100;12.7296671;14.14407455;5.725711787;1.4;;
13.44;43.61;931;0.7;100;12.7050906;14.11676733;6.120299806;1.4;;
13.47;42.74;932;0.7;100;11.87500718;13.19445242;8.79680542;1.4;;
13.47;42.77;933;0.7;100;11.92475795;13.24973105;8.838254477;1.4;;
13.47;42.8;934;0.7;100;11.94095416;13.26772685;8.772827481;1.4;;
13.47;42.83;935;0.7;100;11.95837932;13.28708813;8.708817467;1.4;;
13.47;42.86;936;0.7;100;11.97539827;13.30599807;8.636402696;1.4;;
13.47;42.89;937;0.7;100;11.99956537;13.33285041;8.544526271;1.4;;
13.47;42.92;938;0.7;100;12.04055521;13.37839468;8.427482964;1.4;;
13.47;42.95;939;0.7;100;12.11001642;13.4555738;8.282160947;1.4;;
13.47;42.98;940;0.7;100;12.25481641;13.61646268;8.148105043;1.4;;
13.47;43.01;941;0.7;100;12.25007832;13.61119813;8.304897924;1.4;;
13.47;43.04;942;0.7;100;12.41941287;13.79934764;7.628564114;1.4;;
13.47;43.07;943;0.7;100;12.45585501;13.8398389;7.212019261;1.4;;
13.47;43.1;944;0.7;100;12.39901644;13.77668494;7.125469774;1.4;;
13.47;43.13;945;0.7;100;12.3720836;13.74675956;7.035877406;1.4;;
13.47;43.16;946;0.7;100;12.36769964;13.74188849;6.933480345;1.4;;
13.47;43.19;947;0.7;100;12.37761442;13.75290491;6.82507611;1.4;;
13.47;43.22;948;0.7;100;12.40472727;13.7830303;6.698006017;1.4;;
13.47;43.25;949;0.7;100;12.4513295;13.83481056;6.530499218;1.4;;
13.47;43.28;950;0.7;100;12.54265072;13.93627858;6.211202469;1.4;;
13.47;43.31;951;0.7;100;13.03325886;14.48139873;6.429530924;1.4;;
13.47;43.34;952;0.7;100;12.67974524;14.08860582;5.931452151;1.4;;
13.47;43.37;953;0.7;100;12.72934913;14.14372126;5.954949446;1.4;;
13.47;43.4;954;0.7;100;12.71281347;14.1253483;6.030647619;1.4;;
13.47;43.43;955;0.7;100;12.70940513;14.12156126;6.065232597;1.4;;
13.47;43.46;956;0.7;100;12.72328367;14.13698186;6.072408866;1.4;;
13.47;43.49;957;0.7;100;12.74881896;14.1653544;6.064658516;1.4;;
13.47;43.52;958;0.7;100;12.78796921;14.20885468;6.038499899;1.4;;
13.47;43.55;959;0.7;100;12.85195118;14.27994575;5.986907262;1.4;;
13.47;43.58;960;0.7;100;12.97769893;14.41966548;5.881575998;1.4;;
13.5;42.77;961;0.7;100;12.26611075;13.62901195;9.777051812;1.4;;
13.5;42.8;962;0.7;100;12.03967961;13.37742179;8.752719302;1.4;;
13.5;42.83;963;0.7;100;12.08220524;13.42467249;8.702800165;1.4;;
13.5;42.86;964;0.7;100;12.06454385;13.40504872;8.555036483;1.4;;
13.5;42.89;965;0.7;100;12.06956694;13.41062993;8.424960267;1.4;;
13.5;42.92;966;0.7;100;12.10278646;13.44754051;8.305627386;1.4;;
13.5;42.95;967;0.7;100;12.15715793;13.50795326;8.153769696;1.4;;
13.5;42.98;968;0.7;100;12.24371073;13.60412303;7.978343935;1.4;;
13.5;43.01;969;0.7;100;12.35877305;13.73197006;7.761672598;1.4;;
13.5;43.04;970;0.7;100;12.48837141;13.87596823;7.314247653;1.4;;
13.5;43.07;971;0.7;100;12.38038478;13.75598309;7.277758213;1.4;;
13.5;43.1;972;0.7;100;12.57330591;13.9703399;6.833644728;1.4;;
13.5;43.13;973;0.7;100;12.56230965;13.95812184;6.763027009;1.4;;
13.5;43.16;974;0.7;100;12.48667027;13.87407808;6.78253186;1.4;;
13.5;43.19;975;0.7;100;12.45963391;13.84403767;6.736209274;1.4;;
13.5;43.22;976;0.7;100;12.4757558;13.86195089;6.630798652;1.4;;
13.5;43.25;977;0.7;100;12.50112573;13.8901397;6.503742621;1.4;;
13.5;43.28;978;0.7;100;12.54624741;13.94027491;6.323463295;1.4;;
13.5;43.31;979;0.7;100;12.61690327;14.01878141;6.099824773;1.4;;
13.5;43.34;980;0.7;100;12.7084833;14.120537;5.96594484;1.4;;
13.5;43.37;981;0.7;100;12.62981109;14.03312343;6.259318149;1.4;;
13.5;43.4;982;0.7;100;12.77227101;14.19141223;5.896180771;1.4;;
13.5;43.43;983;0.7;100;12.75140748;14.16823053;5.918763869;1.4;;
13.5;43.46;984;0.7;100;12.74832545;14.16480605;6.000083703;1.4;;
13.5;43.49;985;0.7;100;12.773514;14.19279333;6.032804466;1.4;;
13.5;43.52;986;0.7;100;12.81364913;14.23738792;6.02163461;1.4;;
13.5;43.55;987;0.7;100;12.84377288;14.27085875;6.005055316;1.4;;
13.5;43.58;988;0.7;100;12.87373324;14.30414805;5.983578167;1.4;;
13.5;43.61;989;0.7;100;12.88704945;14.31894383;5.9765938;1.4;;
13.53;42.8;990;0.7;100;12.14298124;13.49220138;8.682292943;1.4;;
13.53;42.83;991;0.7;100;12.99471451;14.43857167;10.22678483;1.4;;
13.53;42.86;992;0.7;100;12.16929489;13.52143877;8.515942911;1.4;;
13.53;42.89;993;0.7;100;12.14811148;13.49790165;8.364385082;1.4;;
13.53;42.92;994;0.7;100;12.18498722;13.53887469;8.348960117;1.4;;
13.53;42.95;995;0.7;100;12.21370232;13.57078036;8.097562507;1.4;;
13.53;42.98;996;0.7;100;12.26807585;13.63119539;7.841970336;1.4;;
13.53;43.01;997;0.7;100;12.3461029;13.71789211;7.587398457;1.4;;
13.53;43.04;998;0.7;100;12.44758203;13.8306467;7.275713565;1.4;;
13.53;43.07;999;0.7;100;12.57410388;13.97122653;6.927960334;1.4;;
13.53;43.1;1000;0.7;100;12.64489588;14.04988431;6.726398173;1.4;;
13.53;43.13;1001;0.7;100;12.4732269;13.859141;6.917103784;1.4;;
13.53;43.16;1002;0.7;100;12.63835803;14.04262003;6.573658441;1.4;;
13.53;43.19;1003;0.7;100;12.58130912;13.97923235;6.584720768;1.4;;
13.53;43.22;1004;0.7;100;12.65622818;14.06247575;6.419805015;1.4;;
13.53;43.25;1005;0.7;100;12.60147541;14.00163934;6.409091667;1.4;;
13.53;43.28;1006;0.7;100;12.58479672;13.98310747;6.342995003;1.4;;
13.53;43.31;1007;0.7;100;12.6169315;14.01881277;6.22319177;1.4;;
13.53;43.34;1008;0.7;100;12.67764683;14.08627426;6.090063872;1.4;;
13.53;43.37;1009;0.7;100;12.75415303;14.17128115;5.945329016;1.4;;
13.53;43.4;1010;0.7;100;12.76483006;14.18314451;5.877043543;1.4;;
13.53;43.43;1011;0.7;100;12.68108529;14.09009477;6.17255938;1.4;;
13.53;43.46;1012;0.7;100;12.79613804;14.21793116;5.886127331;1.4;;
13.53;43.49;1013;0.7;100;12.86023223;14.28914693;5.950975954;1.4;;
13.53;43.52;1014;0.7;100;13.00686103;14.45206781;5.875888695;1.4;;
13.53;43.55;1015;0.7;100;12.92505074;14.36116749;5.950404719;1.4;;
13.53;43.58;1016;0.7;100;12.86321895;14.2924655;6.004867855;1.4;;
13.53;43.61;1017;0.7;100;12.83753;14.26392222;6.03102291;1.4;;
13.56;42.83;1018;0.7;100;12.2226693;13.58074367;8.449489036;1.4;;
13.56;42.86;1019;0.7;100;12.20479908;13.56088786;8.289217289;1.4;;
13.56;42.89;1020;0.7;100;12.22579817;13.58422019;8.314041438;1.4;;
13.56;42.92;1021;0.7;100;12.5423857;13.93598412;11.018848;1.4;;
13.56;42.95;1022;0.7;100;12.2793993;13.643777;8.076957054;1.4;;
13.56;42.98;1023;0.7;100;12.31610825;13.68456473;7.696897303;1.4;;
13.56;43.01;1024;0.7;100;12.40148729;13.77943032;7.378119325;1.4;;
13.56;43.04;1025;0.7;100;12.51559383;13.90621537;7.031398637;1.4;;
13.56;43.07;1026;0.7;100;12.53511743;13.92790826;6.937654993;1.4;;
13.56;43.1;1027;0.7;100;12.57982827;13.97758697;6.807394581;1.4;;
13.56;43.13;1028;0.7;100;12.6740629;14.08229211;6.599091279;1.4;;
13.56;43.16;1029;0.7;100;12.63886596;14.0431844;6.578287387;1.4;;
13.56;43.19;1030;0.7;100;12.72594334;14.13993705;6.404672316;1.4;;
13.56;43.22;1031;0.7;100;12.56958235;13.96620261;6.584781283;1.4;;
13.56;43.25;1032;0.7;100;12.73602639;14.15114044;6.259285016;1.4;;
13.56;43.28;1033;0.7;100;12.6381709;14.04241211;6.303354219;1.4;;
13.56;43.31;1034;0.7;100;12.66054808;14.06727565;6.190142175;1.4;;
13.56;43.34;1035;0.7;100;12.72597524;14.13997249;6.021738819;1.4;;
13.56;43.37;1036;0.7;100;12.72693961;14.14104401;6.018063669;1.4;;
13.56;43.4;1037;0.7;100;12.7366708;14.15185644;5.986088378;1.4;;
13.56;43.43;1038;0.7;100;12.77516868;14.19463187;5.891467698;1.4;;
13.56;43.46;1039;0.7;100;12.81094497;14.2343833;5.928760827;1.4;;
13.56;43.49;1040;0.7;100;13.00717455;14.45241616;5.837487352;1.4;;
13.56;43.52;1041;0.7;100;12.79605884;14.21784315;6.100121726;1.4;;
13.56;43.55;1042;0.7;100;13.07160495;14.5240055;5.845568348;1.4;;
13.56;43.58;1043;0.7;100;12.88181555;14.31312839;5.99902831;1.4;;
13.59;42.83;1044;0.7;100;12.21492129;13.57213477;8.096767972;1.4;;
13.59;42.86;1045;0.7;100;12.25374378;13.61527087;7.944813947;1.4;;
13.59;42.89;1046;0.7;100;12.31649348;13.68499276;7.765053649;1.4;;
13.59;42.92;1047;0.7;100;12.32255821;13.69173134;7.933138353;1.4;;
13.59;42.95;1048;0.7;100;12.32721373;13.69690415;7.760948495;1.4;;
13.59;42.98;1049;0.7;100;12.37196399;13.74662666;7.493487874;1.4;;
13.59;43.01;1050;0.7;100;12.50032503;13.88925003;7.086425742;1.4;;
13.59;43.04;1051;0.7;100;12.45348884;13.83720982;7.104067206;1.4;;
13.59;43.07;1052;0.7;100;12.60034448;14.00038276;6.744790768;1.4;;
13.59;43.1;1053;0.7;100;12.56639641;13.96266268;6.790581779;1.4;;
13.59;43.13;1054;0.7;100;12.59617908;13.99575453;6.694596518;1.4;;
13.59;43.16;1055;0.7;100;12.65986796;14.06651996;6.543341544;1.4;;
13.59;43.19;1056;0.7;100;12.7878242;14.20869356;6.311324603;1.4;;
13.59;43.22;1057;0.7;100;12.82131667;14.24590741;6.220057198;1.4;;
13.59;43.25;1058;0.7;100;12.71864953;14.13183281;6.282161076;1.4;;
13.59;43.28;1059;0.7;100;12.67405153;14.08227948;6.262870818;1.4;;
13.59;43.31;1060;0.7;100;12.72856145;14.14284605;6.075762034;1.4;;
13.59;43.34;1061;0.7;100;12.64882888;14.05425431;6.275024235;1.4;;
13.59;43.37;1062;0.7;100;12.77179198;14.19087998;5.945954303;1.4;;
13.59;43.4;1063;0.7;100;12.73733869;14.15259855;6.029601866;1.4;;
13.59;43.43;1064;0.7;100;12.75802128;14.17557919;6.008841197;1.4;;
13.59;43.46;1065;0.7;100;12.82292145;14.24769051;5.940220089;1.4;;
13.59;43.49;1066;0.7;100;12.96196501;14.40218334;5.79657457;1.4;;
13.59;43.52;1067;0.7;100;13.09061434;14.54512704;5.770068744;1.4;;
13.59;43.55;1068;0.7;100;12.97358884;14.41509872;5.906817357;1.4;;
13.62;42.83;1069;0.7;100;12.25020469;13.61133854;7.830873593;1.4;;
13.62;42.86;1070;0.7;100;12.33220178;13.70244642;7.528103356;1.4;;
13.62;42.89;1071;0.7;100;12.32383164;13.69314626;7.587715789;1.4;;
13.62;42.92;1072;0.7;100;12.39112296;13.7679144;7.378747191;1.4;;
13.62;42.95;1073;0.7;100;12.37980405;13.75533784;7.431920871;1.4;;
13.62;42.98;1074;0.7;100;12.43020446;13.81133829;7.251783046;1.4;;
13.62;43.01;1075;0.7;100;12.53985878;13.93317643;6.955043663;1.4;;
13.62;43.04;1076;0.7;100;12.69474507;14.1052723;6.589960251;1.4;;
13.62;43.07;1077;0.7;100;12.62502095;14.02780106;6.685656333;1.4;;
13.62;43.1;1078;0.7;100;12.58291876;13.98102084;6.731782289;1.4;;
13.62;43.13;1079;0.7;100;12.60357957;14.0039773;6.660509844;1.4;;
13.62;43.16;1080;0.7;100;12.73471744;14.14968605;6.421163868;1.4;;
13.62;43.19;1081;0.7;100;12.60227957;14.00253286;6.580781358;1.4;;
13.62;43.22;1082;0.7;100;12.80729767;14.23033075;6.210341705;1.4;;
13.62;43.25;1083;0.7;100;12.70756764;14.11951961;6.277787998;1.4;;
13.62;43.28;1084;0.7;100;12.69523493;14.10581659;6.218888564;1.4;;
13.62;43.31;1085;0.7;100;12.74254799;14.15838666;6.070982332;1.4;;
13.62;43.34;1086;0.7;100;12.8320279;14.25780878;5.859283806;1.4;;
13.62;43.37;1087;0.7;100;12.77888015;14.19875572;5.967342984;1.4;;
13.62;43.4;1088;0.7;100;12.74631292;14.16256991;6.043507491;1.4;;
13.62;43.43;1089;0.7;100;12.76108812;14.1789868;6.033365828;1.4;;
13.62;43.46;1090;0.7;100;12.8499409;14.27771211;5.883413607;1.4;;
13.62;43.49;1091;0.7;100;12.74751677;14.16390752;6.138898605;1.4;;
13.62;43.52;1092;0.7;100;12.95011904;14.38902116;5.806325649;1.4;;
13.62;43.55;1093;0.7;100;12.88330171;14.31477967;5.960291292;1.4;;
13.65;42.83;1094;0.7;100;12.28335238;13.64816931;7.631111539;1.4;;
13.65;42.86;1095;0.7;100;12.33275197;13.70305774;7.461209517;1.4;;
13.65;42.89;1096;0.7;100;12.40149745;13.77944161;7.212660974;1.4;;
13.65;42.92;1097;0.7;100;12.40374312;13.78193681;7.24247945;1.4;;
13.65;42.95;1098;0.7;100;12.43982917;13.82203241;7.138575411;1.4;;
13.65;42.98;1099;0.7;100;12.52522202;13.91691336;6.872107211;1.4;;
13.65;43.01;1100;0.7;100;12.64449702;14.04944113;6.657675874;1.4;;
13.65;43.04;1101;0.7;100;12.51999825;13.91110917;6.877336634;1.4;;
13.65;43.07;1102;0.7;100;12.69125154;14.1013906;6.544040728;1.4;;
13.65;43.1;1103;0.7;100;12.60490189;14.00544654;6.662704822;1.4;;
13.65;43.13;1104;0.7;100;12.61229106;14.01365673;6.619177175;1.4;;
13.65;43.16;1105;0.7;100;12.67607007;14.0845223;6.484995919;1.4;;
13.65;43.19;1106;0.7;100;12.77682833;14.19647592;6.292752234;1.4;;
13.65;43.22;1107;0.7;100;12.73251707;14.14724118;6.290171355;1.4;;
13.65;43.25;1108;0.7;100;12.70612727;14.11791919;6.227247806;1.4;;
13.65;43.28;1109;0.7;100;12.7265486;14.14060956;6.067889369;1.4;;
13.65;43.31;1110;0.7;100;12.79324927;14.21472141;5.945081941;1.4;;
13.65;43.34;1111;0.7;100;12.67762314;14.08624793;6.241789295;1.4;;
13.65;43.37;1112;0.7;100;12.81019326;14.23354807;5.925644932;1.4;;
13.65;43.4;1113;0.7;100;12.75088721;14.16765246;6.053066523;1.4;;
13.65;43.43;1114;0.7;100;12.75411577;14.17123975;6.05953927;1.4;;
13.65;43.46;1115;0.7;100;12.7967067;14.218563;5.990503495;1.4;;
13.68;42.83;1116;0.7;100;12.31113466;13.67903851;7.478565135;1.4;;
13.68;42.86;1117;0.7;100;12.341566;13.71285111;7.382971486;1.4;;
13.68;42.89;1118;0.7;100;12.37808805;13.75343116;7.264047034;1.4;;
13.68;42.92;1119;0.7;100;12.41653369;13.79614854;7.144363154;1.4;;
13.68;42.95;1120;0.7;100;12.50472967;13.89414408;6.850919753;1.4;;
13.68;42.98;1121;0.7;100;12.47491896;13.86102107;6.956732515;1.4;;
13.68;43.01;1122;0.7;100;12.68391189;14.09323543;6.375627986;1.4;;
13.68;43.04;1123;0.7;100;12.7172513;14.13027922;6.418026651;1.4;;
13.68;43.07;1124;0.7;100;12.65071481;14.05634979;6.554061621;1.4;;
13.68;43.1;1125;0.7;100;12.61610334;14.0178926;6.598214347;1.4;;
13.68;43.13;1126;0.7;100;12.62213446;14.02459385;6.561131489;1.4;;
13.68;43.16;1127;0.7;100;12.64543269;14.05048076;6.495585419;1.4;;
13.68;43.19;1128;0.7;100;12.67116972;14.07907747;6.417540119;1.4;;
13.68;43.22;1129;0.7;100;12.68193382;14.09103758;6.33670184;1.4;;
13.68;43.25;1130;0.7;100;12.70868686;14.12076317;6.137361595;1.4;;
13.68;43.28;1131;0.7;100;12.98897956;14.43219951;6.339588398;1.4;;
13.68;43.31;1132;0.7;100;12.83257001;14.25841112;5.811913751;1.4;;
13.68;43.34;1133;0.7;100;12.83737936;14.26375485;5.868286251;1.4;;
13.68;43.37;1134;0.7;100;12.77705972;14.19673302;6.002849781;1.4;;
13.68;43.4;1135;0.7;100;12.74232229;14.15813588;6.080448101;1.4;;
13.71;42.86;1136;0.7;100;12.36231613;13.73590681;7.265972877;1.4;;
13.71;42.89;1137;0.7;100;12.39289189;13.76987988;7.164504017;1.4;;
13.71;42.92;1138;0.7;100;12.43419372;13.8157708;7.026607583;1.4;;
13.71;42.95;1139;0.7;100;12.50151984;13.8905776;6.801242312;1.4;;
13.71;42.98;1140;0.7;100;12.6245971;14.02733012;6.406219418;1.4;;
13.71;43.01;1141;0.7;100;12.52325957;13.91473286;6.762917886;1.4;;
13.71;43.04;1142;0.7;100;12.66159749;14.06844165;6.396669578;1.4;;
13.71;43.07;1143;0.7;100;12.62242873;14.02492081;6.537803088;1.4;;
13.71;43.1;1144;0.7;100;12.63352039;14.03724487;6.503274931;1.4;;
13.71;43.13;1145;0.7;100;12.67780181;14.08644645;6.376107268;1.4;;
13.71;43.16;1146;0.7;100;12.65757401;14.06397112;6.418210355;1.4;;
13.71;43.19;1147;0.7;100;12.65074623;14.0563847;6.417395657;1.4;;
13.71;43.22;1148;0.7;100;12.66113726;14.06793029;6.353776254;1.4;;
13.71;43.25;1149;0.7;100;12.69122879;14.10136533;6.21318207;1.4;;
13.71;43.28;1150;0.7;100;12.78828693;14.2092077;5.922101278;1.4;;
13.71;43.31;1151;0.7;100;12.65503327;14.06114808;6.335627188;1.4;;
13.74;42.86;1152;0.7;100;12.38713044;13.76347826;7.125394407;1.4;;
13.74;42.89;1153;0.7;100;12.41661427;13.79623808;7.018731268;1.4;;
13.74;42.92;1154;0.7;100;12.45575087;13.83972318;6.875475368;1.4;;
13.74;42.95;1155;0.7;100;12.50709897;13.89677664;6.677934959;1.4;;
13.74;42.98;1156;0.7;100;12.5753104;13.97256711;6.411971161;1.4;;
13.74;43.01;1157;0.7;100;12.62493934;14.02771038;6.337371166;1.4;;
13.74;43.04;1158;0.7;100;12.61044214;14.01160237;6.461780051;1.4;;
13.74;43.07;1159;0.7;100;12.60803487;14.00892763;6.511616806;1.4;;
13.74;43.1;1160;0.7;100;12.66938401;14.07709334;6.364277605;1.4;;
13.74;43.13;1161;0.7;100;12.58028243;13.97809159;6.580912302;1.4;;
13.74;43.16;1162;0.7;100;12.69483232;14.10536924;6.288768738;1.4;;
13.74;43.19;1163;0.7;100;12.64738593;14.05265103;6.39591857;1.4;;
13.74;43.22;1164;0.7;100;12.64896448;14.05440498;6.368163158;1.4;;
13.74;43.25;1165;0.7;100;12.67063373;14.07848193;6.284423674;1.4;;
13.74;43.28;1166;0.7;100;12.71906783;14.13229759;6.150607899;1.4;;
13.77;42.86;1167;0.7;100;12.41268333;13.79187037;6.967355015;1.4;;
13.77;42.89;1168;0.7;100;12.45252402;13.8361378;6.797615919;1.4;;
13.77;42.92;1169;0.7;100;12.51049129;13.90054588;6.561465301;1.4;;
13.77;42.95;1170;0.7;100;12.53656294;13.92951438;6.416658201;1.4;;
13.77;42.98;1171;0.7;100;12.83560445;14.26178272;6.673908318;1.4;;
13.77;43.01;1172;0.7;100;12.58231506;13.98035007;6.342427881;1.4;;
13.77;43.04;1173;0.7;100;12.57902328;13.97669254;6.485465778;1.4;;
13.77;43.07;1174;0.7;100;12.59070963;13.98967736;6.506196708;1.4;;
13.77;43.1;1175;0.7;100;12.62622722;14.02914136;6.435138504;1.4;;
13.77;43.13;1176;0.7;100;12.68106283;14.09006981;6.299202975;1.4;;
13.77;43.16;1177;0.7;100;12.65413248;14.0601472;6.366019795;1.4;;
13.77;43.19;1178;0.7;100;12.63479031;14.0386559;6.406885422;1.4;;
13.77;43.22;1179;0.7;100;12.63522424;14.03913804;6.391723869;1.4;;
13.8;42.89;1180;0.7;100;12.4975937;13.88621522;6.454766098;1.4;;
13.8;42.92;1181;0.7;100;12.43863336;13.82070373;6.716904823;1.4;;
13.8;42.95;1182;0.7;100;12.54722999;13.94136666;6.239892654;1.4;;
13.8;42.98;1183;0.7;100;12.5516659;13.94629544;6.272836125;1.4;;
13.8;43.01;1184;0.7;100;12.55399038;13.9488782;6.397810964;1.4;;
13.8;43.04;1185;0.7;100;12.56013296;13.95570329;6.484517881;1.4;;
13.8;43.07;1186;0.7;100;12.57310222;13.97011358;6.507061139;1.4;;
13.8;43.1;1187;0.7;100;12.59239293;13.9915477;6.485698563;1.4;;
13.8;43.13;1188;0.7;100;12.61043795;14.01159772;6.451560136;1.4;;
13.8;43.16;1189;0.7;100;12.61470136;14.01633484;6.443510659;1.4;;
13.83;42.89;1190;0.7;100;12.45189565;13.83543961;6.306208351;1.4;;
13.83;42.92;1191;0.7;100;12.10309174;13.44787971;6.632719944;1.4;;
13.83;42.95;1192;0.7;100;12.49165679;13.87961865;6.153708959;1.4;;
13.83;42.98;1193;0.7;100;12.5192314;13.91025711;6.230180585;1.4;;
13.83;43.01;1194;0.7;100;12.53208126;13.92453473;6.373015915;1.4;;
13.83;43.04;1195;0.7;100;12.54341901;13.93713223;6.471172115;1.4;;
13.83;43.07;1196;0.7;100;12.55579312;13.95088125;6.507130634;1.4;;
13.83;43.1;1197;0.7;100;12.56913445;13.96570494;6.509128298;1.4;;
13.86;42.89;1198;0.7;100;12.4463349;13.829261;6.426619766;1.4;;
13.86;42.92;1199;0.7;100;12.44436971;13.82707746;6.239026098;1.4;;
13.86;42.95;1200;0.7;100;12.48017366;13.86685962;6.175373541;1.4;;
13.86;42.98;1201;0.7;100;12.51998845;13.91109828;6.575987158;1.4;;
13.86;43.01;1202;0.7;100;12.51815709;13.90906344;6.282351471;1.4;;
13.89;42.92;1203;0.7;100;12.46008586;13.84453985;6.413427477;1.4;;
